San Francisco, CA	Berkeley, CA	50
San Francisco, CA	Artesia, CA	2
San Francisco, CA	Cleveland, OH	4
San Francisco, CA	New York, NY	104
San Francisco, CA	Milwaukee, WI	4
San Francisco, CA	Seattle, WA	34
San Francisco, CA	Northampton, MA	12
San Francisco, CA	Princeton, WI	12
San Francisco, CA	Westlake Village, CA	14
San Francisco, CA	Chicago, IL	10
San Francisco, CA	Boston, MA	6
San Francisco, CA	Kansas City, MO	6
San Francisco, CA	Milwaukie, OR	46
San Francisco, CA	Rockville Centre, NY	2
San Francisco, CA	Lakeport, CA	2
San Francisco, CA	Los Angeles, CA	36
San Francisco, CA	La Jolla, CA	18
San Francisco, CA	San Diego, CA	20
San Francisco, CA	Calabasas, CA	2
San Francisco, CA	Hawthorne, CA	2
San Francisco, CA	Urbana, IL	4
San Francisco, CA	Scottsdale, AZ	2
San Francisco, CA	Neshannock, PA	2
San Francisco, CA	Forestville, CA	6
San Francisco, CA	Minneapolis, MN	4
San Francisco, CA	Auburn, CA	10
San Francisco, CA	Montreal, QC	6
San Francisco, CA	Greenwich, CT	4
San Francisco, CA	Kansas City, KS	2
San Francisco, CA	Mexico City, DF	12
San Francisco, CA	Thousand Oaks, CA	2
San Francisco, CA	Santa Rosa, CA	2
San Francisco, CA	Detroit, MI	2
San Francisco, CA	Philadelphia, PA	6
San Francisco, CA	Arlington, VA	2
San Francisco, CA	Anderson, IN	2
San Francisco, CA	Burbank, CA	2
San Francisco, CA	Tamarac, FL	2
San Francisco, CA	Park Forest, IL	4
San Francisco, CA	Fullerton, CA	4
San Francisco, CA	Hollywood, CA	2
San Francisco, CA	CA, CA	4
San Francisco, CA	Miamisburg, OH	2
San Francisco, CA	Toronto, ON	4
San Francisco, CA	Mineola, NY	2
San Francisco, CA	Kitchener, ON	2
San Francisco, CA	Evanston, IL	2
San Francisco, CA	Newbury Park, CA	2
San Francisco, CA	Stamford, CT	2
San Francisco, CA	Marietta, GA	4
San Francisco, CA	Deerfield, IL	2
San Francisco, CA	Rantoul, IL	2
San Francisco, CA	Orange, CA	4
San Francisco, CA	Mt Laurel, NJ	2
San Francisco, CA	San Jose, CA	4
San Francisco, CA	North Babylon, NY	2
San Francisco, CA	Virginia Beach, VA	2
San Francisco, CA	Buffalo, NY	2
San Francisco, CA	El Sobrante, CA	2
San Francisco, CA	Oakland, CA	2
San Francisco, CA	Irvine, CA	2
San Francisco, CA	Mérida, YU	2
San Francisco, CA	Waco, TX	2
San Francisco, CA	Racine, WI	2
San Francisco, CA	Louisville, KY	2
San Francisco, CA	Baltimore, MD	2
San Francisco, CA	Lanham, MD	2
San Francisco, CA	Rocklin, CA	2
San Francisco, CA	Lakewood, CO	2
San Francisco, CA	Ottawa, ON	2
San Francisco, CA	Long Beach, CA	2
San Francisco, CA	Cincinnati, OH	2
San Francisco, CA	Portland, OR	6
San Francisco, CA	Dripping Springs, TX	2
San Francisco, CA	Austin, TX	2
San Francisco, CA	Redondo Beach, CA	2
San Francisco, CA	Wilmington, NC	2
San Francisco, CA	Gainesville, FL	2
San Francisco, CA	Omaha, NE	2
San Francisco, CA	Roswell, NM	2
San Francisco, CA	Bellevue, WA	4
San Francisco, CA	Smithers, BC	2
San Francisco, CA	Cambridge, MA	2
San Francisco, CA	Fremont, CA	8
San Francisco, CA	St Chico, CA	2
San Francisco, CA	Chino, CA	2
San Francisco, CA	Petaluma, CA	2
San Francisco, CA	Miguel Hidalgo, DF	2
San Francisco, CA	Madison, WI	2
San Francisco, CA	Fredericksburg, VA	4
San Francisco, CA	Capitola, CA	2
San Francisco, CA	West Orange, NJ	2
San Francisco, CA	Houston, TX	2
San Francisco, CA	Torrance, CA	4
San Francisco, CA	Nevada City, CA	2
San Francisco, CA	Pittsburgh, PA	2
San Francisco, CA	Hillsboro, OR	2
San Francisco, CA	Toledo, OH	2
San Francisco, CA	Wheeling, WV	2
San Francisco, CA	San Leandro, CA	2
San Francisco, CA	Long Beach, NY	2
Berkeley, CA	Artesia, CA	2
Berkeley, CA	Rantoul, IL	6
Berkeley, CA	La Jolla, CA	22
Berkeley, CA	New York, NY	170
Berkeley, CA	Runnemede, NJ	6
Berkeley, CA	Urbana, IL	6
Berkeley, CA	Plymouth, MI	12
Berkeley, CA	Congers, NY	6
Berkeley, CA	Fullerton, CA	22
Berkeley, CA	Mt Laurel, NJ	8
Berkeley, CA	Cleveland, OH	2
Berkeley, CA	Milwaukee, WI	2
Berkeley, CA	Seattle, WA	34
Berkeley, CA	Northampton, MA	10
Berkeley, CA	Princeton, WI	14
Berkeley, CA	Westlake Village, CA	8
Berkeley, CA	Chicago, IL	6
Berkeley, CA	Boston, MA	4
Berkeley, CA	San Diego, CA	74
Berkeley, CA	Richmond Hill, ON	2
Berkeley, CA	Milwaukie, OR	52
Berkeley, CA	San Jose, CA	10
Berkeley, CA	Portland, OR	34
Berkeley, CA	Los Angeles, CA	66
Berkeley, CA	Neshannock, PA	2
Berkeley, CA	Forestville, CA	12
Berkeley, CA	Minneapolis, MN	2
Berkeley, CA	Auburn, CA	8
Berkeley, CA	Albany, NY	4
Berkeley, CA	Orange, CA	48
Berkeley, CA	Newbury Park, CA	2
Berkeley, CA	Lexington, KY	2
Berkeley, CA	Dallas, GA	6
Berkeley, CA	MI, MI	2
Berkeley, CA	Livonia, MI	8
Berkeley, CA	Detroit, MI	2
Berkeley, CA	Colorado Springs, CO	2
Berkeley, CA	Garden Grove, CA	2
Berkeley, CA	Anaheim, CA	10
Berkeley, CA	San Juan Capistrano, CA	2
Berkeley, CA	Oceanside, CA	2
Berkeley, CA	Staten Island, NY	2
Berkeley, CA	Marina Del Rey, CA	2
Berkeley, CA	Philadelphia, PA	2
Berkeley, CA	Oakland, CA	8
Berkeley, CA	Culver City, CA	2
Berkeley, CA	Chesapeake, VA	2
Berkeley, CA	Marietta, GA	2
Berkeley, CA	Atlanta, GA	2
Berkeley, CA	Burbank, CA	10
Berkeley, CA	CA, CA	4
Berkeley, CA	Acworth, GA	2
Berkeley, CA	Brooklyn, NY	4
Berkeley, CA	Lebanon, VA	2
Berkeley, CA	Oldsmar, FL	6
Berkeley, CA	Calumet City, IL	2
Berkeley, CA	Gainesville, FL	4
Berkeley, CA	Montreal, QC	2
Berkeley, CA	Jackson, MS	4
Berkeley, CA	Evanston, IL	2
Berkeley, CA	Calabasas, CA	2
Berkeley, CA	Picton, ON	2
Berkeley, CA	Sanborn, NY	2
Berkeley, CA	Dover, NJ	2
Berkeley, CA	Baltimore, MD	4
Berkeley, CA	Berlin, NJ	2
Berkeley, CA	Buffalo, NY	4
Berkeley, CA	El Sobrante, CA	2
Berkeley, CA	Port Washington, WA	2
Berkeley, CA	Irvine, CA	2
Berkeley, CA	Kansas City, MO	2
Berkeley, CA	Dallas, TX	6
Berkeley, CA	Houston, TX	2
Berkeley, CA	San Antonio, TX	4
Berkeley, CA	Indianapolis, IN	2
Berkeley, CA	Mexico City, DF	2
Berkeley, CA	North Hollywood, CA	2
Berkeley, CA	Northridge, CA	2
Berkeley, CA	New Castle, PA	2
Berkeley, CA	Saddle Brook, NJ	2
Berkeley, CA	Cincinnati, OH	4
Berkeley, CA	Lockport, IL	2
Berkeley, CA	Irving, TX	4
Berkeley, CA	Sherman Oaks, CA	2
Berkeley, CA	Dripping Springs, TX	2
Berkeley, CA	Austin, TX	2
Berkeley, CA	Westport, CT	2
Berkeley, CA	Omaha, NE	2
Berkeley, CA	Carrboro, NC	2
Berkeley, CA	Carpinteria, CA	2
Berkeley, CA	Norristown, PA	4
Berkeley, CA	Roswell, NM	2
Berkeley, CA	Prescott, AZ	2
Berkeley, CA	Timonium, MD	2
Berkeley, CA	Scottsdale, AZ	2
Berkeley, CA	Racine, WI	2
Berkeley, CA	Smithers, BC	2
Berkeley, CA	Cambridge, MA	2
Berkeley, CA	White River Junction, VT	2
Berkeley, CA	Somerville, MA	2
Berkeley, CA	Raleigh, NC	4
Berkeley, CA	Beltsville, MD	2
Berkeley, CA	Morgantown, WV	2
Berkeley, CA	Redmond, WA	2
Berkeley, CA	Guerneville, CA	2
Berkeley, CA	Morton Grove, IL	2
Berkeley, CA	Haverhill, MA	2
Berkeley, CA	Northbrook, IL	2
Berkeley, CA	Concord, CA	2
Berkeley, CA	Durham, NC	2
Berkeley, CA	Poughkeepsie, NY	2
Berkeley, CA	Grand Junction, CO	2
Berkeley, CA	Grass Valley, CA	2
Berkeley, CA	Cedarhurst, NY	2
San Diego, CA	Timonium, MD	4
San Diego, CA	Mexico City, DF	2
San Diego, CA	New York, NY	272
San Diego, CA	Milwaukie, OR	134
San Diego, CA	Richmond Hill, ON	2
San Diego, CA	Urbana, IL	10
San Diego, CA	Skokie, IL	2
San Diego, CA	West Hempstead, NY	2
San Diego, CA	Calabasas, CA	8
San Diego, CA	Los Angeles, CA	60
San Diego, CA	La Jolla, CA	36
San Diego, CA	Hawthorne, CA	2
San Diego, CA	Scottsdale, AZ	6
San Diego, CA	Chicago, IL	26
San Diego, CA	Florence, KY	2
San Diego, CA	Forestville, CA	32
San Diego, CA	Northampton, MA	18
San Diego, CA	Albany, NY	6
San Diego, CA	Seattle, WA	32
San Diego, CA	Toms River, NJ	4
San Diego, CA	Rantoul, IL	2
San Diego, CA	Dripping Springs, TX	2
San Diego, CA	Toronto, ON	12
San Diego, CA	Buffalo, NY	4
San Diego, CA	Las Vegas, NV	6
San Diego, CA	Anaheim, CA	6
San Diego, CA	Fullerton, CA	14
San Diego, CA	Kansas City, KS	2
San Diego, CA	Bellingham, WA	6
San Diego, CA	North Hollywood, CA	2
San Diego, CA	Somerset, NJ	4
San Diego, CA	Brooklyn, NY	14
San Diego, CA	Timberlake, OH	2
San Diego, CA	Agoura, CA	10
San Diego, CA	New Castle, PA	6
San Diego, CA	Lincolnwood, IL	2
San Diego, CA	New Rochelle, NY	4
San Diego, CA	Neshannock, PA	8
San Diego, CA	Holbrook, MA	2
San Diego, CA	Racine, WI	18
San Diego, CA	Long Beach, CA	8
San Diego, CA	Miamisburg, OH	6
San Diego, CA	Park Forest, IL	4
San Diego, CA	Mineola, NY	2
San Diego, CA	Kitchener, ON	2
San Diego, CA	Evanston, IL	4
San Diego, CA	Dallas, GA	6
San Diego, CA	MI, MI	6
San Diego, CA	Livonia, MI	4
San Diego, CA	Plymouth, MI	4
San Diego, CA	Detroit, MI	2
San Diego, CA	Franklin Square, NY	4
San Diego, CA	Princeton, WI	10
San Diego, CA	Menomonee Falls, WI	2
San Diego, CA	Orange, CA	16
San Diego, CA	Portland, OR	20
San Diego, CA	San Jose, CA	6
San Diego, CA	Rockville Centre, NY	2
San Diego, CA	Burbank, CA	10
San Diego, CA	Edina, MN	2
San Diego, CA	Mt Laurel, NJ	2
San Diego, CA	San Antonio, TX	4
San Diego, CA	Marietta, GA	8
San Diego, CA	Atlanta, GA	2
San Diego, CA	Acworth, GA	2
San Diego, CA	Lebanon, VA	2
San Diego, CA	Runnemede, NJ	12
San Diego, CA	Oldsmar, FL	8
San Diego, CA	Calumet City, IL	4
San Diego, CA	Tenayuca, DF	2
San Diego, CA	Dover, NJ	4
San Diego, CA	Mountain Home, TN	2
San Diego, CA	Wilmington, DE	2
San Diego, CA	Lake Geneva, WI	2
San Diego, CA	Santa Clara, CA	2
San Diego, CA	Emeryville, CA	2
San Diego, CA	Richmond, VA	2
San Diego, CA	Santa Ynez, CA	2
San Diego, CA	East Lansing, MI	2
San Diego, CA	Norristown, PA	10
San Diego, CA	Jackson, MS	4
San Diego, CA	Westlake Village, CA	4
San Diego, CA	Picton, ON	2
San Diego, CA	Sanborn, NY	2
San Diego, CA	Baltimore, MD	4
San Diego, CA	Berlin, NJ	2
San Diego, CA	Nashville, TN	2
San Diego, CA	Greenwich, CT	4
San Diego, CA	Colorado Springs, CO	2
San Diego, CA	Des Moines, IA	2
San Diego, CA	Kansas City, MO	4
San Diego, CA	Valley Forge, PA	2
San Diego, CA	Carmel, NY	2
San Diego, CA	Hoboken, NJ	2
San Diego, CA	Thousand Oaks, CA	6
San Diego, CA	Montreal, QC	4
San Diego, CA	Iola, WI	2
San Diego, CA	Leonia, NJ	2
San Diego, CA	Warwick, RI	2
San Diego, CA	Cincinnati, OH	6
San Diego, CA	Port Washington, WA	2
San Diego, CA	Peoria, AZ	2
San Diego, CA	Congers, NY	4
San Diego, CA	Calgary, AB	4
San Diego, CA	Norcross, GA	4
San Diego, CA	North Mankato, MN	4
San Diego, CA	Wheeling, WV	2
San Diego, CA	Raleigh, NC	2
San Diego, CA	Boston, MA	2
San Diego, CA	San Rafael, CA	2
San Diego, CA	Laguna Hills, CA	2
San Diego, CA	Kent, OH	2
San Diego, CA	Philadelphia, PA	8
San Diego, CA	Washington Square, NY	2
San Diego, CA	Morton Grove, IL	4
San Diego, CA	Hollywood, CA	2
San Diego, CA	Massapequa, NY	2
San Diego, CA	Melville, NY	2
San Diego, CA	Vancouver, WA	2
San Diego, CA	Sharon, CT	2
San Diego, CA	Haydenville, MA	6
San Diego, CA	Mamaroneck, NY	2
San Diego, CA	Lancaster, PA	2
San Diego, CA	Centerville, OH	4
San Diego, CA	Concord, CA	4
San Diego, CA	Abington, PA	2
San Diego, CA	CA, CA	2
San Diego, CA	Simi Valley, CA	2
San Diego, CA	Derby, CT	2
San Diego, CA	West Haven, CT	2
San Diego, CA	Bridgeport, CT	2
San Diego, CA	New Haven, CT	2
San Diego, CA	St-Laurent. Montreal, QC	2
San Diego, CA	Guerneville, CA	6
San Diego, CA	Prescott, AZ	4
San Diego, CA	Newbury Park, CA	6
San Diego, CA	Markham, ON	4
San Diego, CA	Washington, DC	2
San Diego, CA	Morton Grove, MN	2
San Diego, CA	Morgantown, WV	2
San Diego, CA	Farmington Hills, MI	2
San Diego, CA	Sherman Oaks, CA	2
San Diego, CA	El Cajon, CA	2
San Diego, CA	West Orange, NJ	2
San Diego, CA	Northbrook, IL	2
San Diego, CA	St Louis, MO	4
San Diego, CA	Palo Alto, CA	2
San Diego, CA	Garden City, NY	2
San Diego, CA	Oklahoma City, OK	2
San Diego, CA	Tucson, AZ	2
San Diego, CA	Mankato, MN	2
San Diego, CA	Cambridge, MA	2
San Diego, CA	Westport, CT	4
San Diego, CA	Springfield, MA	2
San Diego, CA	Greenfield, WI	2
San Diego, CA	Port Townsend, WA	2
Timonium, MD	Jackson, MS	2
Timonium, MD	Prescott, AZ	4
Timonium, MD	New York, NY	2
Timonium, MD	Scottsdale, AZ	2
Timonium, MD	Racine, WI	2
Timonium, MD	Seattle, WA	4
Timonium, MD	Burbank, CA	4
Timonium, MD	Louisville, KY	2
Timonium, MD	Vancouver, WA	2
Timonium, MD	Hunt Valley, MD	2
Milwaukie, OR	Runnemede, NJ	22
Milwaukie, OR	New York, NY	364
Milwaukie, OR	Seattle, WA	64
Milwaukie, OR	Anaheim, CA	24
Milwaukie, OR	Burbank, CA	18
Milwaukie, OR	Mexico City, DF	8
Milwaukie, OR	Northampton, MA	50
Milwaukie, OR	Urbana, IL	10
Milwaukie, OR	Skokie, IL	2
Milwaukie, OR	West Hempstead, NY	2
Milwaukie, OR	Calabasas, CA	10
Milwaukie, OR	San Jose, CA	14
Milwaukie, OR	Portland, OR	32
Milwaukie, OR	Kansas City, MO	6
Milwaukie, OR	Milwaukee, WI	4
Milwaukie, OR	Rockville Centre, NY	10
Milwaukie, OR	Lakeport, CA	2
Milwaukie, OR	Los Angeles, CA	66
Milwaukie, OR	La Jolla, CA	42
Milwaukie, OR	Hawthorne, CA	2
Milwaukie, OR	Scottsdale, AZ	4
Milwaukie, OR	Chicago, IL	26
Milwaukie, OR	Marietta, GA	16
Milwaukie, OR	Santa Cruz, CA	2
Milwaukie, OR	Forestville, CA	46
Milwaukie, OR	Neshannock, PA	2
Milwaukie, OR	Minneapolis, MN	6
Milwaukie, OR	Auburn, CA	2
Milwaukie, OR	Princeton, WI	22
Milwaukie, OR	Albany, NY	4
Milwaukie, OR	Toms River, NJ	4
Milwaukie, OR	Rantoul, IL	4
Milwaukie, OR	Dripping Springs, TX	2
Milwaukie, OR	Houston, TX	8
Milwaukie, OR	Newbury Park, CA	8
Milwaukie, OR	West Carrollton, OH	2
Milwaukie, OR	Akron, OH	2
Milwaukie, OR	Wilton, CT	2
Milwaukie, OR	Greenwich, CT	2
Milwaukie, OR	Bedford, NY	2
Milwaukie, OR	Port Chester, NY	2
Milwaukie, OR	Wheeling, WV	8
Milwaukie, OR	Orange, CA	20
Milwaukie, OR	Kansas City, KS	2
Milwaukie, OR	Bellingham, WA	2
Milwaukie, OR	Las Vegas, NV	2
Milwaukie, OR	North Hollywood, CA	2
Milwaukie, OR	Somerset, NJ	4
Milwaukie, OR	Brooklyn, NY	12
Milwaukie, OR	Tamarac, FL	2
Milwaukie, OR	Park Forest, IL	2
Milwaukie, OR	Fullerton, CA	22
Milwaukie, OR	Hollywood, CA	6
Milwaukie, OR	Easthampton, MA	2
Milwaukie, OR	Milford, CT	2
Milwaukie, OR	Plymouth, MI	12
Milwaukie, OR	Baltimore, MD	6
Milwaukie, OR	Centerville, OH	4
Milwaukie, OR	Newport Coast, CA	2
Milwaukie, OR	Wilmette, IL	2
Milwaukie, OR	Montreal, QC	6
Milwaukie, OR	Oldsmar, FL	8
Milwaukie, OR	Agoura, CA	10
Milwaukie, OR	Westlake Village, CA	22
Milwaukie, OR	Stamford, CT	2
Milwaukie, OR	Philadelphia, PA	6
Milwaukie, OR	Toronto, ON	4
Milwaukie, OR	Edina, MN	2
Milwaukie, OR	Hayward, CA	2
Milwaukie, OR	Guerneville, CA	14
Milwaukie, OR	Kingston, NY	2
Milwaukie, OR	Raleigh, NC	8
Milwaukie, OR	Evanston, IL	2
Milwaukie, OR	Lancaster, PA	4
Milwaukie, OR	West Plains, MO	2
Milwaukie, OR	Acworth, GA	2
Milwaukie, OR	Lebanon, VA	2
Milwaukie, OR	Calumet City, IL	6
Milwaukie, OR	Tenayuca, DF	2
Milwaukie, OR	Richmond, VA	8
Milwaukie, OR	Columbus, OH	6
Milwaukie, OR	Lake Geneva, WI	2
Milwaukie, OR	El Cajon, CA	4
Milwaukie, OR	CA, CA	2
Milwaukie, OR	Boston, MA	4
Milwaukie, OR	Garden City, NY	2
Milwaukie, OR	Jackson, MS	2
Milwaukie, OR	Scarsdale, NY	2
Milwaukie, OR	Santa Clara, CA	2
Milwaukie, OR	Emeryville, CA	2
Milwaukie, OR	Saddle Brook, NJ	2
Milwaukie, OR	Monterey Park, CA	2
Milwaukie, OR	Mt Laurel, NJ	2
Milwaukie, OR	Berlin, NJ	2
Milwaukie, OR	Hoboken, NJ	2
Milwaukie, OR	Thousand Oaks, CA	6
Milwaukie, OR	Iola, WI	2
Milwaukie, OR	Leonia, NJ	2
Milwaukie, OR	Warwick, RI	2
Milwaukie, OR	Cincinnati, OH	2
Milwaukie, OR	Peoria, AZ	2
Milwaukie, OR	Congers, NY	4
Milwaukie, OR	Glen Cove, NY	2
Milwaukie, OR	Cross River, NY	2
Milwaukie, OR	Brookfield, CT	2
Milwaukie, OR	Wheaton, IL	2
Milwaukie, OR	Cambridge, MA	4
Milwaukie, OR	Great Neck, NY	2
Milwaukie, OR	Norristown, PA	12
Milwaukie, OR	Livonia, MI	6
Milwaukie, OR	Westland, MI	2
Milwaukie, OR	Sylmar, CA	2
Milwaukie, OR	Allen Park, MI	2
Milwaukie, OR	Norfolk, VA	2
Milwaukie, OR	Rocklin, CA	2
Milwaukie, OR	Bowling Green, OH	2
Milwaukie, OR	OH, OH	2
Milwaukie, OR	Niles, IL	2
Milwaukie, OR	San Antonio, TX	6
Milwaukie, OR	Venice, CA	2
Milwaukie, OR	, 1	2
Milwaukie, OR	Atlanta, GA	4
Milwaukie, OR	Staten Island, NY	2
Milwaukie, OR	Lebanon, NJ	2
Milwaukie, OR	Kent, OH	2
Milwaukie, OR	Lombard, IL	2
Milwaukie, OR	Los Gatos, CA	2
Milwaukie, OR	Gainesville, FL	2
Milwaukie, OR	Derby, CT	2
Milwaukie, OR	West Haven, CT	2
Milwaukie, OR	Bridgeport, CT	2
Milwaukie, OR	New Haven, CT	4
Milwaukie, OR	St-Laurent. Montreal, QC	2
Milwaukie, OR	Bronx, NY	2
Milwaukie, OR	Dallas, GA	4
Milwaukie, OR	Cupertino, CA	2
Milwaukie, OR	Dover, NJ	4
Milwaukie, OR	Capitola, CA	2
Milwaukie, OR	Racine, WI	2
Milwaukie, OR	Long Beach, CA	4
Milwaukie, OR	Andover, NJ	2
Milwaukie, OR	Annapolis Junction, MD	2
Milwaukie, OR	Menomonee Falls, WI	2
Milwaukie, OR	Fremont, CA	6
Milwaukie, OR	Orlando, FL	2
Milwaukie, OR	Adel, IA	2
Milwaukie, OR	Northbrook, IL	2
Milwaukie, OR	Cambridge, ON	2
Milwaukie, OR	,	2
Milwaukie, OR	Poughkeepsie, NY	2
Milwaukie, OR	Hillsboro, OR	2
Milwaukie, OR	Eugene, OR	2
Milwaukie, OR	Lakeside, OR	2
Milwaukie, OR	Gloucester, ON	2
Milwaukie, OR	Rego Park, NY	2
Milwaukie, OR	Grand Rapids, MI	2
Milwaukie, OR	Mamaroneck, NY	2
Milwaukie, OR	Carson, CA	2
Runnemede, NJ	New York, NY	32
Runnemede, NJ	Seattle, WA	2
Runnemede, NJ	Anaheim, CA	6
Runnemede, NJ	Burbank, CA	2
Runnemede, NJ	Rantoul, IL	2
Runnemede, NJ	La Jolla, CA	2
Runnemede, NJ	Urbana, IL	2
Runnemede, NJ	Plymouth, MI	2
Runnemede, NJ	Congers, NY	4
Runnemede, NJ	Fullerton, CA	4
Runnemede, NJ	Mt Laurel, NJ	2
Runnemede, NJ	Forestville, CA	4
Runnemede, NJ	Guerneville, CA	2
Runnemede, NJ	Evanston, IL	2
Runnemede, NJ	Lancaster, PA	4
Runnemede, NJ	Acworth, GA	2
Runnemede, NJ	Brooklyn, NY	2
Runnemede, NJ	Los Angeles, CA	4
Runnemede, NJ	Lebanon, VA	2
Runnemede, NJ	Oldsmar, FL	2
Runnemede, NJ	Calumet City, IL	2
Runnemede, NJ	Orange, CA	4
Runnemede, NJ	Baltimore, MD	2
Runnemede, NJ	Berlin, NJ	2
Runnemede, NJ	Westlake Village, CA	2
Runnemede, NJ	Calabasas, CA	2
Runnemede, NJ	San Jose, CA	2
Runnemede, NJ	Norristown, PA	2
Runnemede, NJ	Norfolk, VA	2
Runnemede, NJ	Centerville, OH	2
Runnemede, NJ	Philadelphia, PA	2
Runnemede, NJ	Houston, TX	2
Runnemede, NJ	Scottsdale, AZ	2
Runnemede, NJ	Culver City, CA	2
Runnemede, NJ	Santa Monica, CA	2
Runnemede, NJ	Portland, OR	2
Runnemede, NJ	Fort Lee, NJ	2
Runnemede, NJ	Dallas, GA	2
Runnemede, NJ	Chicago, IL	2
New York, NY	Seattle, WA	172
New York, NY	Anaheim, CA	36
New York, NY	Burbank, CA	44
New York, NY	Rantoul, IL	12
New York, NY	La Jolla, CA	66
New York, NY	Urbana, IL	12
New York, NY	Plymouth, MI	30
New York, NY	Congers, NY	8
New York, NY	Fullerton, CA	48
New York, NY	Mt Laurel, NJ	8
New York, NY	Derby, CT	6
New York, NY	Kansas City, MO	66
New York, NY	Wichita, KS	2
New York, NY	Oskaloosa, IA	2
New York, NY	Chicago, IL	108
New York, NY	Irvine, CA	24
New York, NY	Kent, OH	4
New York, NY	Mexico City, DF	34
New York, NY	Atlanta, GA	10
New York, NY	Forestville, CA	64
New York, NY	Palo Alto, CA	4
New York, NY	Manitou Springs, CO	2
New York, NY	Westport, CT	16
New York, NY	Abington, PA	4
New York, NY	Cleveland, OH	12
New York, NY	Milwaukee, WI	8
New York, NY	Northampton, MA	80
New York, NY	Princeton, WI	42
New York, NY	Westlake Village, CA	44
New York, NY	Boston, MA	28
New York, NY	Montreal, QC	42
New York, NY	Kansas City, KS	18
New York, NY	Toronto, ON	40
New York, NY	Iola, WI	6
New York, NY	Gloucester, MA	2
New York, NY	Skokie, IL	2
New York, NY	West Hempstead, NY	4
New York, NY	Calabasas, CA	20
New York, NY	San Jose, CA	30
New York, NY	Portland, OR	74
New York, NY	Rockville Centre, NY	16
New York, NY	Lakeport, CA	2
New York, NY	Los Angeles, CA	160
New York, NY	Hawthorne, CA	2
New York, NY	Scottsdale, AZ	8
New York, NY	Marietta, GA	36
New York, NY	West Haven, CT	46
New York, NY	Neshannock, PA	12
New York, NY	Minneapolis, MN	24
New York, NY	Auburn, CA	6
New York, NY	Racine, WI	72
New York, NY	Albany, NY	12
New York, NY	Toms River, NJ	6
New York, NY	Dripping Springs, TX	2
New York, NY	Santa Barbara, CA	4
New York, NY	Orange, CA	58
New York, NY	MI, MI	4
New York, NY	Newbury Park, CA	30
New York, NY	West Carrollton, OH	4
New York, NY	Akron, OH	20
New York, NY	Wilton, CT	4
New York, NY	Greenwich, CT	34
New York, NY	Bedford, NY	2
New York, NY	Port Chester, NY	2
New York, NY	Hauppauge, NY	2
New York, NY	Wheeling, WV	12
New York, NY	Ann Arbor, MI	6
New York, NY	Gainesville, FL	14
New York, NY	Philadelphia, PA	50
New York, NY	Cambridge, MA	14
New York, NY	Bellingham, WA	6
New York, NY	Las Vegas, NV	10
New York, NY	North Hollywood, CA	6
New York, NY	Somerset, NJ	6
New York, NY	Brooklyn, NY	36
New York, NY	Thousand Oaks, CA	12
New York, NY	Santa Rosa, CA	2
New York, NY	Detroit, MI	8
New York, NY	Arlington, VA	4
New York, NY	Anderson, IN	2
New York, NY	Livonia, MI	24
New York, NY	Lincoln, NE	2
New York, NY	Woodbury, NY	2
New York, NY	Bridgeport, CT	10
New York, NY	Orlando, FL	4
New York, NY	Mount Horeb, WI	14
New York, NY	Tamarac, FL	2
New York, NY	Park Forest, IL	10
New York, NY	Hollywood, CA	12
New York, NY	Yellow Springs, OH	2
New York, NY	St Cloud, MN	2
New York, NY	Troy, MI	2
New York, NY	Easthampton, MA	2
New York, NY	Lexington, KY	2
New York, NY	Milford, CT	4
New York, NY	Baltimore, MD	18
New York, NY	Centerville, OH	10
New York, NY	Agoura, CA	20
New York, NY	New Castle, PA	4
New York, NY	Lincolnwood, IL	4
New York, NY	New Rochelle, NY	4
New York, NY	Holbrook, MA	2
New York, NY	Onamia, MN	2
New York, NY	Long Beach, CA	34
New York, NY	Stamford, CT	6
New York, NY	Franklin Square, NY	6
New York, NY	Glen Ridge, NJ	2
New York, NY	Wayne, NJ	2
New York, NY	Miamisburg, OH	8
New York, NY	Mineola, NY	2
New York, NY	Kitchener, ON	4
New York, NY	Evanston, IL	6
New York, NY	St-Laurent. Montreal, QC	4
New York, NY	Deerfield, IL	4
New York, NY	Garden City, NY	16
New York, NY	Columbus, OH	12
New York, NY	University Park, PA	2
New York, NY	Dallas, GA	8
New York, NY	Menomonee Falls, WI	8
New York, NY	Buffalo, NY	10
New York, NY	Washington, DC	6
New York, NY	Neshannock, MS	2
New York, NY	Lancaster, PA	6
New York, NY	Lachine, QC	2
New York, NY	Reading, MA	2
New York, NY	Colorado Springs, CO	4
New York, NY	Garden Grove, CA	2
New York, NY	San Juan Capistrano, CA	2
New York, NY	Oceanside, CA	2
New York, NY	Lilburn, GA	2
New York, NY	Edina, MN	4
New York, NY	Richmond, VA	16
New York, NY	Austin, TX	4
New York, NY	Staten Island, NY	4
New York, NY	St. Catharines, ON	2
New York, NY	West Townshend, VT	2
New York, NY	Townshend, VT	2
New York, NY	Marina Del Rey, CA	2
New York, NY	San Rafael, CA	4
New York, NY	Hayward, CA	2
New York, NY	Guerneville, CA	20
New York, NY	Kingston, NY	2
New York, NY	Old Tappan, NJ	2
New York, NY	Westwood, NJ	4
New York, NY	Uhrichsville, OH	2
New York, NY	Miami, FL	2
New York, NY	Madison, WI	4
New York, NY	Swarthmore, PA	2
New York, NY	Raleigh, NC	22
New York, NY	Scarborough, ON	4
New York, NY	Norfolk, VA	8
New York, NY	North Babylon, NY	2
New York, NY	Virginia Beach, VA	4
New York, NY	Stanhope, NJ	4
New York, NY	Cincinnati, OH	4
New York, NY	Unadilla, NY	2
New York, NY	West Plains, MO	2
New York, NY	Acworth, GA	6
New York, NY	Lebanon, VA	2
New York, NY	Oldsmar, FL	8
New York, NY	Calumet City, IL	6
New York, NY	Dayton, OH	2
New York, NY	Tenayuca, DF	2
New York, NY	Mamaroneck, NY	12
New York, NY	Levittown, PA	2
New York, NY	Providence, RI	2
New York, NY	Langhorne, PA	2
New York, NY	Denver, CO	2
New York, NY	Lakewood, CO	2
New York, NY	Lawrenceville, NJ	2
New York, NY	Dover, NJ	8
New York, NY	Lake Geneva, WI	2
New York, NY	El Cajon, CA	26
New York, NY	Harrisburg, PA	2
New York, NY	Winston-Salem, NC	2
New York, NY	CA, CA	2
New York, NY	Allston, MA	2
New York, NY	Fort Lee, NJ	4
New York, NY	Jackson, MS	8
New York, NY	Scarsdale, NY	2
New York, NY	Grand Rapids, MI	2
New York, NY	Novato, CA	2
New York, NY	NY, NY	2
New York, NY	Plattsburgh, NY	2
New York, NY	Santa Clara, CA	2
New York, NY	Emeryville, CA	2
New York, NY	Mission, KS	2
New York, NY	Fairway, KS	2
New York, NY	Norristown, PA	18
New York, NY	Picton, ON	2
New York, NY	Sanborn, NY	2
New York, NY	Saddle Brook, NJ	4
New York, NY	Monterey Park, CA	2
New York, NY	Berlin, NJ	2
New York, NY	New Orleans, LA	2
New York, NY	Tampa, FL	4
New York, NY	Jackson Heights, NY	10
New York, NY	Greencastle, PA	4
New York, NY	Nashville, TN	6
New York, NY	Des Moines, IA	6
New York, NY	Valley Forge, PA	2
New York, NY	Carmel, NY	2
New York, NY	Hoboken, NJ	2
New York, NY	Leonia, NJ	2
New York, NY	Warwick, RI	2
New York, NY	Ithaca, NY	2
New York, NY	St Paul, MN	2
New York, NY	Niles, IL	2
New York, NY	Fort Worth, TX	2
New York, NY	Peoria, AZ	2
New York, NY	Culver City, CA	4
New York, NY	Houston, TX	12
New York, NY	San Antonio, TX	14
New York, NY	Calgary, AB	2
New York, NY	Glen Cove, NY	2
New York, NY	North Mankato, MN	6
New York, NY	Cross River, NY	2
New York, NY	Brookfield, CT	2
New York, NY	Wheaton, IL	2
New York, NY	Mérida, YU	2
New York, NY	Waco, TX	2
New York, NY	Louisville, KY	2
New York, NY	Great Neck, NY	2
New York, NY	Westland, MI	4
New York, NY	North Adams, MA	2
New York, NY	Pacific Palisades, CA	2
New York, NY	Rocklin, CA	2
New York, NY	Norcross, GA	2
New York, NY	Bowling Green, OH	4
New York, NY	OH, OH	2
New York, NY	Southeastern, PA	2
New York, NY	Farmingdale, NY	2
New York, NY	Northridge, CA	2
New York, NY	Poughkeepsie, NY	6
New York, NY	Claremont, CA	2
New York, NY	, 1	4
New York, NY	Santa Monica, CA	2
New York, NY	Cambridge, ON	2
New York, NY	Murray Hill Station, NY	2
New York, NY	Ottawa, ON	2
New York, NY	Ontario, ON	2
New York, NY	River Forest, IL	6
New York, NY	Laguna Hills, CA	2
New York, NY	Sauk City, WI	2
New York, NY	Wilmington, VT	2
New York, NY	Champaign, IL	2
New York, NY	Richmond, CA	4
New York, NY	Lebanon, NJ	6
New York, NY	Sherman Oaks, CA	4
New York, NY	Washington Square, NY	4
New York, NY	Longwood, FL	2
New York, NY	Sharon, CT	2
New York, NY	Haydenville, MA	2
New York, NY	Lombard, IL	2
New York, NY	Los Gatos, CA	2
New York, NY	Coshocton, OH	2
New York, NY	Whitefish, MT	4
New York, NY	Pasadena, CA	2
New York, NY	Las Lunas, CA	2
New York, NY	Vancouver, BC	4
New York, NY	Omaha, NE	2
New York, NY	Concord, CA	4
New York, NY	Savannah, GA	2
New York, NY	Ketchum, ID	2
New York, NY	New Haven, CT	6
New York, NY	Somerville, NJ	2
New York, NY	Prescott, AZ	6
New York, NY	Oakland, CA	10
New York, NY	Naperville, IL	2
New York, NY	Los Alamos, CA	2
New York, NY	Los Alamitos, CA	2
New York, NY	Bronx, NY	2
New York, NY	Smithers, BC	2
New York, NY	Canton, CT	2
New York, NY	Markham, ON	2
New York, NY	Owings Mills, MD	2
New York, NY	Arcadia, CA	2
New York, NY	Somerville, MA	2
New York, NY	Oxford, MI	2
New York, NY	Beltsville, MD	2
New York, NY	Dallas, TX	4
New York, NY	Park Ridge, IL	2
New York, NY	Pleasantville, NY	4
New York, NY	South Hackensack, NJ	2
New York, NY	Alahambra, CA	2
New York, NY	Irving, TX	2
New York, NY	Ottawa, IL	2
New York, NY	Miguel Hidalgo, DF	2
New York, NY	East Lansing, MI	2
New York, NY	Hickory, NC	2
New York, NY	Fremont, CA	2
New York, NY	Beverly Hills, CA	2
New York, NY	Stuart, FL	2
New York, NY	Hoffman Estates, IL	2
New York, NY	Fredericksburg, VA	2
New York, NY	Moorestown, NJ	2
New York, NY	Haverhill, MA	2
New York, NY	East Orange, NJ	2
New York, NY	Belmont, CA	2
New York, NY	Lansing, MI	2
New York, NY	Syracuse, NY	4
New York, NY	Greenwich, NS	2
New York, NY	Nueva York, NY	2
New York, NY	Woodstock, VT	2
New York, NY	Annapolis Junction, MD	2
New York, NY	Englewood Cliffs, NJ	2
New York, NY	Adel, IA	2
New York, NY	Northbrook, IL	2
New York, NY	Jersey City, NJ	2
New York, NY	Scotch Plains, NJ	2
New York, NY	Richmond Hill, ON	2
New York, NY	Jackson, MI	2
New York, NY	Pelham, NY	2
New York, NY	Oak Forest, IL	2
New York, NY	Redondo Beach, CA	2
New York, NY	Norwalk, CT	2
New York, NY	Mankato, MN	2
New York, NY	Shorewood, WI	2
New York, NY	Waukesha, WI	2
New York, NY	Greenfield, WI	4
New York, NY	New Brunswick, NJ	2
New York, NY	Kalispell, MT	2
New York, NY	Billings, MT	2
New York, NY	Grand Junction, CO	2
New York, NY	Grass Valley, CA	2
New York, NY	East Moline, IL	2
New York, NY	Eugene, OR	2
New York, NY	Lakeside, OR	2
New York, NY	Secaucus, NJ	2
New York, NY	Southport, CT	2
New York, NY	Mountain Home, TN	2
New York, NY	Norwich, VT	2
New York, NY	Narragansett, RI	2
New York, NY	Hamilton, ON	2
New York, NY	Teaneck, NJ	2
New York, NY	Gardena, CA	2
New York, NY	Springfield, MA	2
New York, NY	Horsham, PA	2
New York, NY	Reading, PA	2
New York, NY	Middletown, CT	2
New York, NY	Rego Park, NY	2
New York, NY	North Riverside, IL	2
New York, NY	St Louis, MO	2
New York, NY	Brockton, MA	2
New York, NY	Newark, NJ	2
Seattle, WA	Anaheim, CA	4
Seattle, WA	Burbank, CA	8
Seattle, WA	Vancouver, BC	2
Seattle, WA	Forestville, CA	26
Seattle, WA	Palo Alto, CA	2
Seattle, WA	Manitou Springs, CO	2
Seattle, WA	Westport, CT	4
Seattle, WA	Abington, PA	2
Seattle, WA	Cleveland, OH	4
Seattle, WA	Milwaukee, WI	2
Seattle, WA	Northampton, MA	28
Seattle, WA	Princeton, WI	22
Seattle, WA	Westlake Village, CA	28
Seattle, WA	Chicago, IL	14
Seattle, WA	Boston, MA	4
Seattle, WA	Montreal, QC	42
Seattle, WA	Birmingham, AL	2
Seattle, WA	Woodside, NY	2
Seattle, WA	Wheeling, WV	4
Seattle, WA	Haydenville, MA	2
Seattle, WA	Glencoe, AL	2
Seattle, WA	Brooklyn, NY	8
Seattle, WA	Los Angeles, CA	36
Seattle, WA	Neshannock, PA	4
Seattle, WA	Minneapolis, MN	10
Seattle, WA	Auburn, CA	10
Seattle, WA	Albany, NY	2
Seattle, WA	Toronto, ON	8
Seattle, WA	Buffalo, NY	6
Seattle, WA	Las Vegas, NV	6
Seattle, WA	West Carrollton, OH	2
Seattle, WA	Akron, OH	4
Seattle, WA	Wilton, CT	2
Seattle, WA	Greenwich, CT	8
Seattle, WA	Bedford, NY	2
Seattle, WA	Port Chester, NY	2
Seattle, WA	Kansas City, KS	8
Seattle, WA	Bellingham, WA	4
Seattle, WA	North Hollywood, CA	2
Seattle, WA	Somerset, NJ	4
Seattle, WA	Plymouth, MI	10
Seattle, WA	Newbury Park, CA	2
Seattle, WA	Long Beach, CA	4
Seattle, WA	Van Nuys, CA	2
Seattle, WA	Kansas City, MO	6
Seattle, WA	Mexico City, DF	6
Seattle, WA	Thousand Oaks, CA	6
Seattle, WA	Santa Rosa, CA	2
Seattle, WA	Detroit, MI	2
Seattle, WA	Philadelphia, PA	8
Seattle, WA	Arlington, VA	2
Seattle, WA	Anderson, IN	2
Seattle, WA	Agoura, CA	14
Seattle, WA	Stamford, CT	4
Seattle, WA	Franklin Square, NY	2
Seattle, WA	Glen Ridge, NJ	2
Seattle, WA	Wayne, NJ	2
Seattle, WA	Bridgeport, CT	6
Seattle, WA	Garden City, NY	4
Seattle, WA	Washington, DC	4
Seattle, WA	Neshannock, MS	2
Seattle, WA	Jackson, MS	6
Seattle, WA	Kingston, NY	2
Seattle, WA	Madison, WI	2
Seattle, WA	Swarthmore, PA	2
Seattle, WA	New Haven, CT	4
Seattle, WA	Oakland, CA	10
Seattle, WA	Cambridge, MA	14
Seattle, WA	Norfolk, VA	2
Seattle, WA	Marietta, GA	18
Seattle, WA	Silver Spring, MD	4
Seattle, WA	Richmond, VA	6
Seattle, WA	Columbus, OH	4
Seattle, WA	Levittown, PA	2
Seattle, WA	Providence, RI	4
Seattle, WA	Langhorne, PA	2
Seattle, WA	Denver, CO	2
Seattle, WA	Lakewood, CO	4
Seattle, WA	Portland, OR	14
Seattle, WA	Livonia, MI	2
Seattle, WA	Lawrenceville, NJ	2
Seattle, WA	La Jolla, CA	6
Seattle, WA	Gainesville, FL	6
Seattle, WA	Iola, WI	2
Seattle, WA	Atlanta, GA	8
Seattle, WA	Raleigh, NC	6
Seattle, WA	Irving, TX	4
Seattle, WA	Olympia, WA	2
Seattle, WA	Pullman, WA	2
Seattle, WA	Tucson, AZ	4
Seattle, WA	Butler, PA	2
Seattle, WA	Tuscon, AZ	2
Seattle, WA	McCleary, WA	2
Seattle, WA	Rockville Centre, NY	2
Seattle, WA	Hollywood, CA	4
Seattle, WA	Norristown, PA	8
Seattle, WA	Evanston, IL	2
Seattle, WA	Calabasas, CA	2
Seattle, WA	Picton, ON	2
Seattle, WA	Sanborn, NY	2
Seattle, WA	Hoboken, NJ	2
Seattle, WA	El Sobrante, CA	2
Seattle, WA	Stanhope, NJ	2
Seattle, WA	Mérida, YU	2
Seattle, WA	Waco, TX	2
Seattle, WA	Racine, WI	10
Seattle, WA	Louisville, KY	4
Seattle, WA	Great Neck, NY	2
Seattle, WA	North Adams, MA	2
Seattle, WA	Jackson Heights, NY	2
Seattle, WA	Milford, CT	2
Seattle, WA	Sylmar, CA	2
Seattle, WA	Allen Park, MI	2
Seattle, WA	Bremerton, WA	4
Seattle, WA	Clallam Bay, WA	2
Seattle, WA	, 1	2
Seattle, WA	Cambridge, ON	2
Seattle, WA	Pittsburgh, PA	2
Seattle, WA	Dripping Springs, TX	2
Seattle, WA	Austin, TX	4
Seattle, WA	Lebanon, NJ	2
Seattle, WA	San Juan Capistrano, CA	2
Seattle, WA	San Rafael, CA	2
Seattle, WA	Scottsdale, AZ	4
Seattle, WA	Derby, CT	2
Seattle, WA	West Haven, CT	2
Seattle, WA	St-Laurent. Montreal, QC	2
Seattle, WA	Guerneville, CA	2
Seattle, WA	Prescott, AZ	8
Seattle, WA	Petaluma, CA	2
Seattle, WA	Smithers, BC	2
Seattle, WA	Cupertino, CA	2
Seattle, WA	Jefferson, NC	2
Seattle, WA	St Louis, MO	2
Seattle, WA	Mineola, NY	2
Seattle, WA	OH, OH	2
Seattle, WA	Cincinnati, OH	2
Seattle, WA	San Antonio, TX	2
Seattle, WA	Pasadena, CA	2
Seattle, WA	Hollister, CA	2
Seattle, WA	Guelph, ON	2
Seattle, WA	Park Forest, IL	2
Seattle, WA	Scotch Plains, NJ	2
Seattle, WA	Secaucus, NJ	2
Seattle, WA	Lancaster, PA	2
Seattle, WA	Roy, UT	2
Seattle, WA	Forest Park, GA	2
Seattle, WA	Northlake, IL	2
Seattle, WA	Nevada City, CA	2
Seattle, WA	Savannah, GA	2
Seattle, WA	Los Alamos, NM	2
Seattle, WA	San Jose, CA	2
Anaheim, CA	Burbank, CA	2
Anaheim, CA	Los Angeles, CA	10
Anaheim, CA	La Jolla, CA	10
Anaheim, CA	Fullerton, CA	12
Anaheim, CA	Easthampton, MA	2
Anaheim, CA	Portland, OR	4
Anaheim, CA	Forestville, CA	6
Anaheim, CA	Northampton, MA	4
Anaheim, CA	Rantoul, IL	2
Anaheim, CA	Milford, CT	2
Anaheim, CA	Urbana, IL	2
Anaheim, CA	Plymouth, MI	4
Anaheim, CA	Baltimore, MD	2
Anaheim, CA	Marietta, GA	2
Anaheim, CA	Centerville, OH	2
Anaheim, CA	Wheeling, WV	4
Anaheim, CA	Oldsmar, FL	2
Anaheim, CA	Colorado Springs, CO	2
Anaheim, CA	Garden Grove, CA	2
Anaheim, CA	San Jose, CA	2
Anaheim, CA	Orange, CA	8
Anaheim, CA	San Juan Capistrano, CA	2
Anaheim, CA	Oceanside, CA	2
Anaheim, CA	Saddle Brook, NJ	4
Anaheim, CA	Monterey Park, CA	2
Anaheim, CA	Congers, NY	2
Anaheim, CA	Thousand Oaks, CA	2
Anaheim, CA	Chicago, IL	2
Anaheim, CA	Norristown, PA	6
Anaheim, CA	Norfolk, VA	2
Anaheim, CA	Toms River, NJ	2
Anaheim, CA	Westlake Village, CA	4
Burbank, CA	Cleveland, OH	2
Burbank, CA	Kansas City, MO	2
Burbank, CA	Greenwich, CT	2
Burbank, CA	Kansas City, KS	2
Burbank, CA	Mexico City, DF	4
Burbank, CA	Thousand Oaks, CA	2
Burbank, CA	Santa Rosa, CA	2
Burbank, CA	Detroit, MI	2
Burbank, CA	Philadelphia, PA	2
Burbank, CA	Arlington, VA	2
Burbank, CA	Anderson, IN	2
Burbank, CA	Toronto, ON	2
Burbank, CA	La Jolla, CA	6
Burbank, CA	Marietta, GA	4
Burbank, CA	Santa Clara, CA	2
Burbank, CA	Portland, OR	2
Burbank, CA	Emeryville, CA	2
Burbank, CA	Plymouth, MI	2
Burbank, CA	Richmond, VA	2
Burbank, CA	Iola, WI	2
Burbank, CA	Leonia, NJ	2
Burbank, CA	Warwick, RI	2
Burbank, CA	Cincinnati, OH	2
Burbank, CA	Cross River, NY	2
Burbank, CA	Brookfield, CT	2
Burbank, CA	Los Angeles, CA	4
Burbank, CA	West Hempstead, NY	2
Burbank, CA	Houston, TX	2
Burbank, CA	Racine, WI	6
Burbank, CA	Jackson, MS	2
Burbank, CA	Prescott, AZ	4
Burbank, CA	Scottsdale, AZ	2
Burbank, CA	Louisville, KY	2
Burbank, CA	Princeton, WI	2
Burbank, CA	Menomonee Falls, WI	2
Burbank, CA	Hollywood, CA	2
Rantoul, IL	La Jolla, CA	6
Rantoul, IL	Urbana, IL	8
Rantoul, IL	Plymouth, MI	4
Rantoul, IL	Congers, NY	2
Rantoul, IL	Fullerton, CA	4
Rantoul, IL	Mt Laurel, NJ	4
Rantoul, IL	Toms River, NJ	2
Rantoul, IL	Los Angeles, CA	2
Rantoul, IL	Forestville, CA	2
Rantoul, IL	Milford, CT	2
Rantoul, IL	Northampton, MA	2
Rantoul, IL	Baltimore, MD	2
Rantoul, IL	Marietta, GA	2
Rantoul, IL	Centerville, OH	2
Rantoul, IL	Orange, CA	2
Rantoul, IL	Norcross, GA	2
Rantoul, IL	Scottsdale, AZ	2
Rantoul, IL	Westlake Village, CA	2
Rantoul, IL	Toluca Lake, CA	2
La Jolla, CA	Urbana, IL	10
La Jolla, CA	Plymouth, MI	8
La Jolla, CA	Congers, NY	4
La Jolla, CA	Fullerton, CA	12
La Jolla, CA	Mt Laurel, NJ	6
La Jolla, CA	Los Angeles, CA	14
La Jolla, CA	Calabasas, CA	6
La Jolla, CA	Hawthorne, CA	2
La Jolla, CA	Scottsdale, AZ	2
La Jolla, CA	Chicago, IL	6
La Jolla, CA	San Jose, CA	2
La Jolla, CA	Northampton, MA	6
La Jolla, CA	Orange, CA	6
La Jolla, CA	Forestville, CA	4
La Jolla, CA	Milford, CT	2
La Jolla, CA	Baltimore, MD	2
La Jolla, CA	Marietta, GA	2
La Jolla, CA	Centerville, OH	2
La Jolla, CA	Miamisburg, OH	2
La Jolla, CA	Park Forest, IL	2
La Jolla, CA	Toronto, ON	4
La Jolla, CA	Mineola, NY	2
La Jolla, CA	Kitchener, ON	2
La Jolla, CA	Evanston, IL	4
La Jolla, CA	Tenayuca, DF	2
La Jolla, CA	Portland, OR	8
La Jolla, CA	Mamaroneck, NY	2
La Jolla, CA	Gainesville, FL	2
La Jolla, CA	Montreal, QC	2
La Jolla, CA	Jackson, MS	2
La Jolla, CA	Westlake Village, CA	2
La Jolla, CA	Picton, ON	2
La Jolla, CA	Sanborn, NY	2
La Jolla, CA	Iola, WI	2
La Jolla, CA	Leonia, NJ	2
La Jolla, CA	Warwick, RI	2
La Jolla, CA	Cincinnati, OH	2
La Jolla, CA	Thousand Oaks, CA	2
La Jolla, CA	Wheaton, IL	2
La Jolla, CA	Norristown, PA	2
La Jolla, CA	Wheeling, WV	2
La Jolla, CA	Sherman Oaks, CA	2
La Jolla, CA	Gardena, CA	2
La Jolla, CA	Houston, TX	2
La Jolla, CA	San Antonio, TX	2
Urbana, IL	Plymouth, MI	6
Urbana, IL	Congers, NY	2
Urbana, IL	Fullerton, CA	4
Urbana, IL	Mt Laurel, NJ	4
Urbana, IL	Skokie, IL	2
Urbana, IL	West Hempstead, NY	2
Urbana, IL	Calabasas, CA	4
Urbana, IL	Los Angeles, CA	4
Urbana, IL	Hawthorne, CA	2
Urbana, IL	Scottsdale, AZ	4
Urbana, IL	Chicago, IL	2
Urbana, IL	Dripping Springs, TX	2
Urbana, IL	Forestville, CA	2
Urbana, IL	Milford, CT	2
Urbana, IL	Northampton, MA	2
Urbana, IL	Baltimore, MD	2
Urbana, IL	Marietta, GA	2
Urbana, IL	Centerville, OH	2
Urbana, IL	Orange, CA	2
Urbana, IL	Westlake Village, CA	2
Urbana, IL	Toluca Lake, CA	2
Urbana, IL	Damascus, MD	2
Urbana, IL	Eureka, CA	2
Plymouth, MI	Congers, NY	2
Plymouth, MI	Fullerton, CA	8
Plymouth, MI	Mt Laurel, NJ	2
Plymouth, MI	Newbury Park, CA	6
Plymouth, MI	Westlake Village, CA	4
Plymouth, MI	Chicago, IL	4
Plymouth, MI	Forestville, CA	2
Plymouth, MI	Milford, CT	2
Plymouth, MI	Northampton, MA	4
Plymouth, MI	Baltimore, MD	2
Plymouth, MI	Marietta, GA	4
Plymouth, MI	Centerville, OH	2
Plymouth, MI	Dallas, GA	4
Plymouth, MI	MI, MI	4
Plymouth, MI	Livonia, MI	24
Plymouth, MI	Detroit, MI	2
Plymouth, MI	West Haven, CT	2
Plymouth, MI	Orange, CA	6
Plymouth, MI	Portland, OR	8
Plymouth, MI	Wheeling, WV	2
Plymouth, MI	Plattsburgh, NY	2
Plymouth, MI	Santa Clara, CA	2
Plymouth, MI	Emeryville, CA	2
Plymouth, MI	Richmond, VA	2
Plymouth, MI	Westland, MI	8
Plymouth, MI	Norcross, GA	2
Plymouth, MI	Sherman Oaks, CA	2
Plymouth, MI	Cleveland Heights, OH	2
Plymouth, MI	Youngstown, OH	2
Plymouth, MI	Los Angeles, CA	2
Plymouth, MI	Norristown, PA	2
Plymouth, MI	Calumet City, IL	2
Plymouth, MI	Hickory, NC	2
Plymouth, MI	Damascus, MD	2
Plymouth, MI	Ypsilanti, MI	2
Plymouth, MI	Salinas, CA	2
Congers, NY	Fullerton, CA	2
Congers, NY	Mt Laurel, NJ	2
Congers, NY	Dover, NJ	2
Congers, NY	Orange, CA	4
Congers, NY	Los Angeles, CA	4
Congers, NY	Thousand Oaks, CA	2
Congers, NY	Centerville, OH	2
Congers, NY	North Syracuse, NY	2
Fullerton, CA	Mt Laurel, NJ	4
Fullerton, CA	Los Angeles, CA	4
Fullerton, CA	Northampton, MA	4
Fullerton, CA	Princeton, WI	4
Fullerton, CA	Tamarac, FL	2
Fullerton, CA	Park Forest, IL	2
Fullerton, CA	Hollywood, CA	2
Fullerton, CA	Norfolk, VA	4
Fullerton, CA	Colorado Springs, CO	2
Fullerton, CA	Garden Grove, CA	2
Fullerton, CA	San Jose, CA	2
Fullerton, CA	Orange, CA	24
Fullerton, CA	San Juan Capistrano, CA	2
Fullerton, CA	Oceanside, CA	2
Fullerton, CA	Chicago, IL	8
Fullerton, CA	Portland, OR	6
Fullerton, CA	Livonia, MI	6
Fullerton, CA	Newbury Park, CA	2
Fullerton, CA	Westlake Village, CA	2
Fullerton, CA	North Mankato, MN	2
Fullerton, CA	Marietta, GA	2
Fullerton, CA	Norristown, PA	2
Fullerton, CA	Saddle Brook, NJ	2
Fullerton, CA	Forestville, CA	4
Fullerton, CA	Staten Island, NY	2
Fullerton, CA	Lebanon, NJ	2
Fullerton, CA	Sharon, CT	2
Fullerton, CA	Haydenville, MA	2
Fullerton, CA	Mamaroneck, NY	2
Fullerton, CA	Albany, NY	2
Fullerton, CA	Franklin Square, NY	2
Fullerton, CA	Neshannock, PA	2
Fullerton, CA	Centerville, OH	2
Fullerton, CA	Miamisburg, OH	2
Fullerton, CA	Concord, CA	2
Fullerton, CA	Racine, WI	2
Fullerton, CA	Long Beach, CA	2
Fullerton, CA	Abington, PA	2
Fullerton, CA	Agoura, CA	2
Fullerton, CA	Guerneville, CA	2
Fullerton, CA	Grand Rapids, MI	2
Fullerton, CA	La Mesa, CA	2
Fullerton, CA	Westland, MI	2
Fullerton, CA	Hickory, NC	2
Fullerton, CA	Fremont, CA	2
Fullerton, CA	Culver City, CA	2
Fullerton, CA	Santa Monica, CA	2
Fullerton, CA	North Hollywood, CA	2
Fullerton, CA	Mesa, AZ	2
Fullerton, CA	Taylor, AZ	2
Mt Laurel, NJ	Orange, CA	2
Mt Laurel, NJ	Haverhill, MA	2
Mt Laurel, NJ	Portland, OR	2
Mt Laurel, NJ	Los Angeles, CA	2
Derby, CT	Somerset, NJ	2
Derby, CT	West Haven, CT	2
Derby, CT	Los Angeles, CA	2
Derby, CT	Brooklyn, NY	2
Derby, CT	Bridgeport, CT	2
Derby, CT	New Haven, CT	2
Derby, CT	St-Laurent. Montreal, QC	2
Derby, CT	Guerneville, CA	2
Derby, CT	Kansas City, MO	2
Vancouver, BC	Haida Gwaii, BC	2
Vancouver, BC	, 1	2
Vancouver, BC	Austin, TX	2
Vancouver, BC	Forestville, CA	2
Vancouver, BC	Guerneville, CA	2
Vancouver, BC	Princeton, WI	2
Kansas City, MO	Wichita, KS	2
Kansas City, MO	Oskaloosa, IA	2
Kansas City, MO	Chicago, IL	14
Kansas City, MO	Irvine, CA	14
Kansas City, MO	Kent, OH	2
Kansas City, MO	Kansas City, KS	12
Kansas City, MO	Toronto, ON	6
Kansas City, MO	Milwaukee, WI	2
Kansas City, MO	Rockville Centre, NY	2
Kansas City, MO	Lakeport, CA	2
Kansas City, MO	East Los Angeles, CA	2
Kansas City, MO	Cleveland, OH	6
Kansas City, MO	Greenwich, CT	10
Kansas City, MO	Mexico City, DF	6
Kansas City, MO	Thousand Oaks, CA	2
Kansas City, MO	Santa Rosa, CA	2
Kansas City, MO	Detroit, MI	2
Kansas City, MO	Philadelphia, PA	4
Kansas City, MO	Arlington, VA	2
Kansas City, MO	Anderson, IN	2
Kansas City, MO	Yellow Springs, OH	2
Kansas City, MO	St Cloud, MN	2
Kansas City, MO	Troy, MI	2
Kansas City, MO	Garden City, NY	2
Kansas City, MO	San Rafael, CA	2
Kansas City, MO	El Cajon, CA	4
Kansas City, MO	Guerneville, CA	2
Kansas City, MO	Forestville, CA	2
Kansas City, MO	Novato, CA	2
Kansas City, MO	NY, NY	2
Kansas City, MO	Mission, KS	2
Kansas City, MO	Scarborough, ON	2
Kansas City, MO	Fairway, KS	2
Kansas City, MO	Nashville, TN	6
Kansas City, MO	Colorado Springs, CO	2
Kansas City, MO	Des Moines, IA	2
Kansas City, MO	Valley Forge, PA	2
Kansas City, MO	Carmel, NY	2
Kansas City, MO	Oakland, CA	2
Kansas City, MO	Lincolnwood, IL	2
Kansas City, MO	Lee's Summit, MO	2
Kansas City, MO	Boston, MA	2
Kansas City, MO	Asheville, NC	2
Kansas City, MO	Cincinnati, OH	2
Kansas City, MO	Agoura, CA	2
Kansas City, MO	Grand Rapids, MI	2
Kansas City, MO	Richmond, VA	2
Kansas City, MO	Parkville, MO	2
Kansas City, MO	Austin, TX	2
Kansas City, MO	Kennebunk, ME	2
Kansas City, MO	Garland, TX	2
Kansas City, MO	Wheaton, IL	2
Kansas City, MO	Houston, TX	2
Kansas City, MO	Westport, CT	2
Kansas City, MO	Akron, OH	2
Kansas City, MO	Racine, WI	2
Kansas City, MO	Wytheville, VA	2
Kansas City, MO	Orlando, FL	2
Wichita, KS	Oskaloosa, IA	2
Wichita, KS	Chicago, IL	2
Wichita, KS	Irvine, CA	2
Wichita, KS	Kent, OH	2
Wichita, KS	Pullman, WA	2
Oskaloosa, IA	Chicago, IL	2
Oskaloosa, IA	Irvine, CA	2
Oskaloosa, IA	Kent, OH	2
Chicago, IL	Irvine, CA	14
Chicago, IL	Kent, OH	2
Chicago, IL	Cleveland, OH	2
Chicago, IL	Milwaukee, WI	4
Chicago, IL	Northampton, MA	10
Chicago, IL	Princeton, WI	6
Chicago, IL	Westlake Village, CA	8
Chicago, IL	Boston, MA	2
Chicago, IL	Kansas City, KS	4
Chicago, IL	Toronto, ON	10
Chicago, IL	Los Angeles, CA	12
Chicago, IL	Calabasas, CA	4
Chicago, IL	Hawthorne, CA	2
Chicago, IL	Scottsdale, AZ	2
Chicago, IL	West Haven, CT	4
Chicago, IL	Newbury Park, CA	2
Chicago, IL	Orlando, FL	2
Chicago, IL	Santa Barbara, CA	2
Chicago, IL	Newport Coast, CA	2
Chicago, IL	Wilmette, IL	2
Chicago, IL	Agoura, CA	4
Chicago, IL	New Castle, PA	2
Chicago, IL	Lincolnwood, IL	4
Chicago, IL	New Rochelle, NY	2
Chicago, IL	Neshannock, PA	4
Chicago, IL	Holbrook, MA	2
Chicago, IL	Greenwich, CT	6
Chicago, IL	Garden City, NY	4
Chicago, IL	Orange, CA	4
Chicago, IL	Forestville, CA	4
Chicago, IL	Hayward, CA	2
Chicago, IL	Guerneville, CA	4
Chicago, IL	Marietta, GA	6
Chicago, IL	Deerfield, IL	2
Chicago, IL	Racine, WI	10
Chicago, IL	Silver Spring, MD	2
Chicago, IL	Brooklyn, NY	6
Chicago, IL	Lake Geneva, WI	2
Chicago, IL	Norristown, PA	4
Chicago, IL	Jackson, MS	2
Chicago, IL	Evanston, IL	2
Chicago, IL	Picton, ON	2
Chicago, IL	Sanborn, NY	2
Chicago, IL	Montreal, QC	2
Chicago, IL	Westland, MI	2
Chicago, IL	North Mankato, MN	2
Chicago, IL	Wheeling, WV	2
Chicago, IL	Virginia Beach, VA	2
Chicago, IL	Norfolk, VA	2
Chicago, IL	Poughkeepsie, NY	2
Chicago, IL	Claremont, CA	2
Chicago, IL	Nashville, TN	2
Chicago, IL	San Rafael, CA	2
Chicago, IL	Champaign, IL	2
Chicago, IL	Minneapolis, MN	4
Chicago, IL	Sharon, CT	2
Chicago, IL	Haydenville, MA	2
Chicago, IL	Mamaroneck, NY	2
Chicago, IL	Albany, NY	2
Chicago, IL	Long Beach, CA	4
Chicago, IL	Whitefish, MT	2
Chicago, IL	Franklin Square, NY	2
Chicago, IL	Centerville, OH	2
Chicago, IL	Miamisburg, OH	2
Chicago, IL	Concord, CA	2
Chicago, IL	Abington, PA	2
Chicago, IL	Westport, CT	2
Chicago, IL	Dallas, TX	2
Chicago, IL	Las Vegas, NV	2
Chicago, IL	Park Ridge, IL	2
Chicago, IL	Calumet City, IL	2
Chicago, IL	Fredericksburg, VA	2
Chicago, IL	MI, MI	2
Chicago, IL	Oakland, CA	2
Chicago, IL	Cambridge, MA	2
Chicago, IL	Mexico City, DF	2
Chicago, IL	Mount Horeb, WI	2
Chicago, IL	Englewood Cliffs, NJ	2
Chicago, IL	Niles, IL	2
Chicago, IL	Philadelphia, PA	4
Chicago, IL	Coquitlam, BC	2
Chicago, IL	Sacramento, CA	2
Chicago, IL	Dallas, GA	2
Chicago, IL	Greenfield, WI	2
Chicago, IL	River Forest, IL	2
Chicago, IL	El Cajon, CA	6
Chicago, IL	Palos Park, IL	2
Chicago, IL	Greenville, NY	2
Chicago, IL	Kerhonkson, NY	2
Chicago, IL	Fort Lee, NJ	2
Chicago, IL	Northbrook, IL	2
Chicago, IL	Kearny, NJ	2
Chicago, IL	Wytheville, VA	2
Irvine, CA	Kent, OH	2
Irvine, CA	Greenwich, CT	8
Irvine, CA	Garden City, NY	2
Irvine, CA	Cleveland, OH	2
Irvine, CA	Oakland, CA	2
Irvine, CA	Nashville, TN	2
Irvine, CA	East Orange, NJ	2
Irvine, CA	Philadelphia, PA	2
Irvine, CA	Belmont, CA	2
Irvine, CA	Lansing, MI	2
Mexico City, DF	Santa Barbara, CA	2
Mexico City, DF	Cleveland, OH	2
Mexico City, DF	Greenwich, CT	2
Mexico City, DF	Kansas City, KS	2
Mexico City, DF	Thousand Oaks, CA	2
Mexico City, DF	Santa Rosa, CA	2
Mexico City, DF	Detroit, MI	2
Mexico City, DF	Philadelphia, PA	4
Mexico City, DF	Arlington, VA	2
Mexico City, DF	Anderson, IN	2
Mexico City, DF	West Haven, CT	8
Mexico City, DF	Woodbury, NY	2
Mexico City, DF	Bridgeport, CT	2
Mexico City, DF	Mount Horeb, WI	2
Mexico City, DF	Yellow Springs, OH	2
Mexico City, DF	St Cloud, MN	2
Mexico City, DF	Troy, MI	2
Mexico City, DF	Hollywood, CA	2
Mexico City, DF	Rockville Centre, NY	2
Mexico City, DF	Los Angeles, CA	10
Mexico City, DF	Westlake Village, CA	2
Mexico City, DF	Calabasas, CA	2
Mexico City, DF	Houston, TX	2
Mexico City, DF	Miguel Hidalgo, DF	4
Mexico City, DF	Madison, WI	2
Mexico City, DF	Cambridge, MA	2
Mexico City, DF	Iztapalapa, DF	2
Ontario, CA	Chino, CA	4
Ontario, CA	Montrose, CA	2
Ontario, CA	Los Angeles, CA	2
Ontario, CA	Cucamonga, CA	2
Chino, CA	Montrose, CA	2
Chino, CA	Los Angeles, CA	2
Chino, CA	Cucamonga, CA	2
Chino, CA	St Chico, CA	2
Chino, CA	Petaluma, CA	2
Montrose, CA	Los Angeles, CA	2
Montrose, CA	Cucamonga, CA	2
Los Angeles, CA	Cucamonga, CA	2
Los Angeles, CA	Martinez, CA	2
Los Angeles, CA	Calabasas, CA	6
Los Angeles, CA	Hawthorne, CA	2
Los Angeles, CA	Scottsdale, AZ	4
Los Angeles, CA	Neshannock, PA	4
Los Angeles, CA	Forestville, CA	14
Los Angeles, CA	Minneapolis, MN	2
Los Angeles, CA	Auburn, CA	2
Los Angeles, CA	Northampton, MA	4
Los Angeles, CA	Princeton, WI	4
Los Angeles, CA	Racine, WI	4
Los Angeles, CA	Albany, NY	4
Los Angeles, CA	Toms River, NJ	2
Los Angeles, CA	Fredericksburg, VA	6
Los Angeles, CA	San Antonio, TX	2
Los Angeles, CA	CA, CA	6
Los Angeles, CA	Avon, MA	2
Los Angeles, CA	Livonia, MI	2
Los Angeles, CA	Portland, OR	18
Los Angeles, CA	Orange, CA	18
Los Angeles, CA	San Jose, CA	6
Los Angeles, CA	Dallas, GA	2
Los Angeles, CA	Brooklyn, NY	6
Los Angeles, CA	Edina, MN	2
Los Angeles, CA	Montreal, QC	6
Los Angeles, CA	Cambridge, MA	4
Los Angeles, CA	Atlanta, GA	6
Los Angeles, CA	Hollywood, CA	6
Los Angeles, CA	Rockville Centre, NY	2
Los Angeles, CA	Acworth, GA	2
Los Angeles, CA	Lebanon, VA	2
Los Angeles, CA	Oldsmar, FL	8
Los Angeles, CA	Calumet City, IL	2
Los Angeles, CA	Southern CA, CA	2
Los Angeles, CA	Boston, MA	4
Los Angeles, CA	Jackson, MS	2
Los Angeles, CA	Evanston, IL	2
Los Angeles, CA	Westlake Village, CA	4
Los Angeles, CA	Picton, ON	2
Los Angeles, CA	Sanborn, NY	2
Los Angeles, CA	Saddle Brook, NJ	2
Los Angeles, CA	Monterey Park, CA	2
Los Angeles, CA	Houston, TX	4
Los Angeles, CA	Fremont, CA	2
Los Angeles, CA	Philadelphia, PA	4
Los Angeles, CA	Ithaca, NY	2
Los Angeles, CA	St Paul, MN	2
Los Angeles, CA	Port Washington, WA	2
Los Angeles, CA	Thousand Oaks, CA	2
Los Angeles, CA	Starkville, MS	2
Los Angeles, CA	Newbury Park, CA	2
Los Angeles, CA	Marietta, GA	4
Los Angeles, CA	North Adams, MA	2
Los Angeles, CA	Jackson Heights, NY	2
Los Angeles, CA	Milford, CT	2
Los Angeles, CA	Sylmar, CA	2
Los Angeles, CA	Allen Park, MI	2
Los Angeles, CA	Guerneville, CA	4
Los Angeles, CA	North Hollywood, CA	2
Los Angeles, CA	Venice, CA	2
Los Angeles, CA	Lebanon, NJ	2
Los Angeles, CA	Ann Arbor, MI	2
Los Angeles, CA	Fort Lee, NJ	8
Los Angeles, CA	Norristown, PA	2
Los Angeles, CA	Somerset, NJ	2
Los Angeles, CA	West Haven, CT	2
Los Angeles, CA	Bridgeport, CT	2
Los Angeles, CA	New Haven, CT	2
Los Angeles, CA	St-Laurent. Montreal, QC	2
Los Angeles, CA	Somerville, MA	2
Los Angeles, CA	Centerville, OH	2
Los Angeles, CA	Cupertino, CA	2
Los Angeles, CA	Norcross, GA	2
Los Angeles, CA	Morton Grove, MN	2
Los Angeles, CA	Ottawa, IL	2
Los Angeles, CA	Agoura, CA	2
Los Angeles, CA	Baltimore, MD	2
Los Angeles, CA	Redmond, WA	2
Los Angeles, CA	Mount Laurel, NJ	2
Los Angeles, CA	Richmond Hill, ON	2
Los Angeles, CA	Haverhill, MA	2
Los Angeles, CA	Syracuse, NY	2
Los Angeles, CA	Secaucus, NJ	2
Los Angeles, CA	Jefferson, NC	2
Los Angeles, CA	Greenwich, CT	2
Los Angeles, CA	Carpinteria, CA	2
Los Angeles, CA	Claremont, CA	2
Los Angeles, CA	Hamburg; Los Angeles, CA	2
Los Angeles, CA	Palo Alto, CA	2
Los Angeles, CA	Pomona, CA	2
Los Angeles, CA	Van Nuys, CA	2
Los Angeles, CA	Gardena, CA	2
Los Angeles, CA	Halesite, NY	2
Los Angeles, CA	Stamford, CT	2
Los Angeles, CA	El Cajon, CA	2
Los Angeles, CA	Lincoln, NE	2
Saginaw, MI	CA, CA	2
Saginaw, MI	Oakland, CA	2
CA, CA	Oakland, CA	2
CA, CA	Avon, MA	2
CA, CA	San Jose, CA	2
CA, CA	Boston, MA	2
CA, CA	Thousand Oaks, CA	2
CA, CA	Davis, CA	2
CA, CA	Sacramento, CA	2
CA, CA	Nevada City, CA	2
Oakland, CA	Philadelphia, PA	2
Oakland, CA	Culver City, CA	2
Oakland, CA	New Haven, CT	2
Oakland, CA	Washington, DC	2
Oakland, CA	Portland, OR	4
Oakland, CA	Brooklyn, NY	2
Oakland, CA	Madison, WI	2
Oakland, CA	Danbury, CT	2
Oakland, CA	Montreal, QC	2
Oakland, CA	St Louis, MO	2
Oakland, CA	Westlake Village, CA	2
Oakland, CA	Marietta, GA	2
Oakland, CA	Durham, NC	2
Atlanta, GA	Gloucester, MA	2
Atlanta, GA	Marietta, GA	12
Atlanta, GA	San Antonio, TX	2
Atlanta, GA	Santa Cruz, CA	2
Atlanta, GA	Tucson, AZ	2
Atlanta, GA	Livonia, MI	2
Atlanta, GA	Greencastle, PA	2
Atlanta, GA	Minneapolis, MN	2
Atlanta, GA	Cupertino, CA	2
Atlanta, GA	Philadelphia, PA	2
Atlanta, GA	Gainesville, FL	2
Atlanta, GA	Montreal, QC	2
Providence, RI	Hancock, MA	4
Providence, RI	Levittown, PA	2
Providence, RI	Langhorne, PA	2
Providence, RI	Denver, CO	2
Providence, RI	Lakewood, CO	2
Providence, RI	Portland, OR	2
Providence, RI	Livonia, MI	2
Providence, RI	Lawrenceville, NJ	2
Providence, RI	Northampton, MA	2
Providence, RI	Philadelphia, PA	2
Providence, RI	Bremerton, WA	2
Providence, RI	Clallam Bay, WA	2
Providence, RI	Forestville, CA	2
Providence, RI	Cambridge, MA	2
Providence, RI	Baltimore, MD	2
Providence, RI	Jersey City, NJ	2
Providence, RI	Montreal, QC	2
Providence, RI	White River Junction, VT	2
Hancock, MA	White River Junction, VT	2
Newbury Park, CA	Westlake Village, CA	24
Newbury Park, CA	Thousand Oaks, CA	4
Newbury Park, CA	Minneapolis, MN	2
Newbury Park, CA	Livonia, MI	4
Newbury Park, CA	Lincoln, NE	2
Newbury Park, CA	Stamford, CT	2
Newbury Park, CA	Calabasas, CA	2
Newbury Park, CA	Starkville, MS	2
Newbury Park, CA	San Antonio, TX	2
Newbury Park, CA	Murray Hill Station, NY	2
Newbury Park, CA	Poughkeepsie, NY	2
Newbury Park, CA	Ottawa, ON	2
Newbury Park, CA	Ontario, ON	2
Newbury Park, CA	Toronto, ON	2
Newbury Park, CA	Sauk City, WI	2
Newbury Park, CA	Racine, WI	4
Newbury Park, CA	El Cajon, CA	2
Newbury Park, CA	Neshannock, PA	2
Newbury Park, CA	Buffalo, NY	2
Newbury Park, CA	Westport, CT	2
Newbury Park, CA	Wheeling, WV	2
Newbury Park, CA	Philadelphia, PA	2
Newbury Park, CA	Las Vegas, NV	2
Newbury Park, CA	Agoura, CA	2
Newbury Park, CA	Greenfield, WI	2
Westlake Village, CA	Cleveland, OH	2
Westlake Village, CA	Milwaukee, WI	2
Westlake Village, CA	Northampton, MA	6
Westlake Village, CA	Princeton, WI	6
Westlake Village, CA	Boston, MA	2
Westlake Village, CA	Thousand Oaks, CA	6
Westlake Village, CA	Minneapolis, MN	2
Westlake Village, CA	Livonia, MI	6
Westlake Village, CA	Lincoln, NE	2
Westlake Village, CA	Agoura, CA	8
Westlake Village, CA	Stamford, CT	4
Westlake Village, CA	Franklin Square, NY	2
Westlake Village, CA	Glen Ridge, NJ	2
Westlake Village, CA	Long Beach, CA	2
Westlake Village, CA	Wayne, NJ	2
Westlake Village, CA	Bridgeport, CT	2
Westlake Village, CA	Philadelphia, PA	4
Westlake Village, CA	Jackson, MS	2
Westlake Village, CA	Evanston, IL	2
Westlake Village, CA	Calabasas, CA	6
Westlake Village, CA	Picton, ON	2
Westlake Village, CA	Sanborn, NY	2
Westlake Village, CA	Hoboken, NJ	2
Westlake Village, CA	San Jose, CA	2
Westlake Village, CA	Cambridge, MA	4
Westlake Village, CA	Great Neck, NY	2
Westlake Village, CA	Rocklin, CA	2
Westlake Village, CA	, 1	2
Westlake Village, CA	Murray Hill Station, NY	2
Westlake Village, CA	Poughkeepsie, NY	4
Westlake Village, CA	Ottawa, ON	2
Westlake Village, CA	Ontario, ON	2
Westlake Village, CA	Toronto, ON	2
Westlake Village, CA	Scottsdale, AZ	2
Westlake Village, CA	Toluca Lake, CA	2
Westlake Village, CA	Forestville, CA	2
Westlake Village, CA	Irvington, NJ	2
Westlake Village, CA	Secaucus, NJ	2
Westlake Village, CA	Smithers, BC	2
Westlake Village, CA	River Forest, IL	2
Westlake Village, CA	Oak Park, IL	2
Westlake Village, CA	Wilmette, IL	2
Westlake Village, CA	Palo Alto, CA	2
Westlake Village, CA	El Cajon, CA	2
Westlake Village, CA	Miamisburg, OH	2
Westlake Village, CA	Westport, CT	2
Westlake Village, CA	Marietta, GA	2
Westlake Village, CA	San Antonio, TX	2
Westlake Village, CA	Bristol, CT	2
Westlake Village, CA	Orlando, FL	2
Westlake Village, CA	Adel, IA	2
Westlake Village, CA	Las Vegas, NV	2
Forestville, CA	Palo Alto, CA	2
Forestville, CA	Manitou Springs, CO	2
Forestville, CA	Westport, CT	2
Forestville, CA	Abington, PA	2
Forestville, CA	Florence, KY	2
Forestville, CA	Marietta, GA	4
Forestville, CA	Northampton, MA	18
Forestville, CA	Neshannock, PA	4
Forestville, CA	Minneapolis, MN	2
Forestville, CA	Auburn, CA	2
Forestville, CA	Princeton, WI	2
Forestville, CA	Albany, NY	4
Forestville, CA	Wheeling, WV	2
Forestville, CA	Kansas City, KS	4
Forestville, CA	Bellingham, WA	2
Forestville, CA	Las Vegas, NV	2
Forestville, CA	North Hollywood, CA	2
Forestville, CA	Somerset, NJ	2
Forestville, CA	Brooklyn, NY	4
Forestville, CA	Hamtramck, MI	2
Forestville, CA	Detroit, MI	2
Forestville, CA	Baltimore, MD	4
Forestville, CA	Raleigh, NC	2
Forestville, CA	MI, MI	2
Forestville, CA	Easthampton, MA	2
Forestville, CA	Portland, OR	8
Forestville, CA	Milford, CT	2
Forestville, CA	Centerville, OH	4
Forestville, CA	Boston, MA	2
Forestville, CA	Garden City, NY	2
Forestville, CA	Washington, DC	2
Forestville, CA	Greenwich, CT	2
Forestville, CA	Neshannock, MS	2
Forestville, CA	Bridgeport, CT	2
Forestville, CA	Hayward, CA	2
Forestville, CA	Guerneville, CA	20
Forestville, CA	Chesapeake, VA	2
Forestville, CA	Evanston, IL	2
Forestville, CA	Lancaster, PA	4
Forestville, CA	Toronto, ON	2
Forestville, CA	Acworth, GA	4
Forestville, CA	Lebanon, VA	2
Forestville, CA	Oldsmar, FL	2
Forestville, CA	Calumet City, IL	2
Forestville, CA	El Cajon, CA	2
Forestville, CA	Philadelphia, PA	2
Forestville, CA	Sylmar, CA	2
Forestville, CA	Allen Park, MI	2
Forestville, CA	Cambridge, MA	2
Forestville, CA	Bremerton, WA	2
Forestville, CA	Clallam Bay, WA	2
Forestville, CA	Staten Island, NY	2
Forestville, CA	Lebanon, NJ	4
Forestville, CA	Orange, CA	2
Forestville, CA	Longwood, FL	2
Forestville, CA	San Jose, CA	2
Forestville, CA	Harrison, ID	2
Forestville, CA	Miami, FL	2
Forestville, CA	Calabasas, CA	2
Forestville, CA	Houghton, MI	2
Palo Alto, CA	Manitou Springs, CO	2
Palo Alto, CA	Westport, CT	4
Palo Alto, CA	Abington, PA	2
Palo Alto, CA	El Cajon, CA	2
Palo Alto, CA	Miamisburg, OH	2
Palo Alto, CA	St Louis, MO	2
Palo Alto, CA	Racine, WI	2
Palo Alto, CA	Montreal, QC	2
Palo Alto, CA	Stanford, CA	2
Manitou Springs, CO	Westport, CT	2
Manitou Springs, CO	Abington, PA	2
Manitou Springs, CO	Northampton, MA	2
Manitou Springs, CO	Princeton, WI	2
Manitou Springs, CO	Toronto, ON	2
Westport, CT	Abington, PA	2
Westport, CT	East Lansing, MI	2
Westport, CT	Lansing, MI	2
Westport, CT	Phoenix, AZ	2
Westport, CT	Jefferson, NC	2
Westport, CT	Boston, MA	2
Westport, CT	Jackson, MS	2
Westport, CT	Drexel Hill, PA	2
Westport, CT	Brooklyn, NY	2
Westport, CT	Northampton, MA	2
Westport, CT	Greenfield, WI	2
Westport, CT	River Forest, IL	2
Westport, CT	El Cajon, CA	2
Westport, CT	Miamisburg, OH	2
Westport, CT	Buffalo, NY	2
Westport, CT	Wheeling, WV	2
Westport, CT	Auburn, CA	2
Westport, CT	Akron, OH	4
Westport, CT	Stamford, CT	2
Westport, CT	Houston, TX	2
Westport, CT	Springfield, MA	2
Westport, CT	Racine, WI	2
Abington, PA	Princeton, WI	2
Abington, PA	Franklin Square, NY	2
Abington, PA	Neshannock, PA	2
Abington, PA	Centerville, OH	2
Abington, PA	Miamisburg, OH	2
Abington, PA	Concord, CA	2
Abington, PA	Racine, WI	2
Abington, PA	Long Beach, CA	2
Abington, PA	Agoura, CA	2
Cleveland, OH	Milwaukee, WI	2
Cleveland, OH	Northampton, MA	2
Cleveland, OH	Princeton, WI	2
Cleveland, OH	Boston, MA	2
Cleveland, OH	Greenwich, CT	4
Cleveland, OH	Kansas City, KS	2
Cleveland, OH	Thousand Oaks, CA	2
Cleveland, OH	Santa Rosa, CA	2
Cleveland, OH	Detroit, MI	2
Cleveland, OH	Philadelphia, PA	2
Cleveland, OH	Arlington, VA	2
Cleveland, OH	Anderson, IN	2
Milwaukee, WI	Northampton, MA	2
Milwaukee, WI	Princeton, WI	2
Milwaukee, WI	Boston, MA	2
Milwaukee, WI	Rockville Centre, NY	2
Milwaukee, WI	Lakeport, CA	2
Milwaukee, WI	Fort Wayne, IN	2
Northampton, MA	Princeton, WI	26
Northampton, MA	Boston, MA	2
Northampton, MA	Birmingham, AL	2
Northampton, MA	Woodside, NY	2
Northampton, MA	Wheeling, WV	2
Northampton, MA	Haydenville, MA	8
Northampton, MA	Glencoe, AL	2
Northampton, MA	Marietta, GA	6
Northampton, MA	Neshannock, PA	2
Northampton, MA	Minneapolis, MN	4
Northampton, MA	Auburn, CA	8
Northampton, MA	San Jose, CA	4
Northampton, MA	Orange, CA	2
Northampton, MA	Glenside, PA	2
Northampton, MA	Ankeny, IA	2
Northampton, MA	League City, TX	2
Northampton, MA	West Milford, NJ	2
Northampton, MA	Austin, TX	4
Northampton, MA	Indianapolis, IN	2
Northampton, MA	Washington, DC	2
Northampton, MA	Doylestown, PA	2
Northampton, MA	Dolyestown, PA	2
Northampton, MA	Quincy, MA	2
Northampton, MA	State College, PA	2
Northampton, MA	Jefferson City, MO	2
Northampton, MA	Rockville, MD	2
Northampton, MA	Tamarac, FL	2
Northampton, MA	Park Forest, IL	2
Northampton, MA	Hollywood, CA	4
Northampton, MA	Easthampton, MA	2
Northampton, MA	Portland, OR	6
Northampton, MA	Milford, CT	2
Northampton, MA	Baltimore, MD	2
Northampton, MA	Centerville, OH	2
Northampton, MA	West Townshend, VT	2
Northampton, MA	Townshend, VT	2
Northampton, MA	Raleigh, NC	6
Northampton, MA	Toronto, ON	4
Northampton, MA	Tenayuca, DF	2
Northampton, MA	Levittown, PA	2
Northampton, MA	Langhorne, PA	2
Northampton, MA	Denver, CO	2
Northampton, MA	Lakewood, CO	2
Northampton, MA	Livonia, MI	2
Northampton, MA	Lawrenceville, NJ	2
Northampton, MA	Philadelphia, PA	2
Northampton, MA	Rockville Centre, NY	6
Northampton, MA	El Cajon, CA	4
Northampton, MA	Cambridge, MA	2
Northampton, MA	Great Neck, NY	2
Northampton, MA	Dripping Springs, TX	2
Northampton, MA	Toms River, NJ	2
Northampton, MA	Sharon, CT	2
Northampton, MA	Mamaroneck, NY	2
Northampton, MA	Albany, NY	2
Northampton, MA	Brooklyn, NY	2
Northampton, MA	Roswell, NM	2
Northampton, MA	Greenfield, WI	2
Northampton, MA	Calumet City, IL	2
Northampton, MA	Guerneville, CA	2
Northampton, MA	San Antonio, TX	2
Northampton, MA	Agoura, CA	2
Northampton, MA	Cambridge, ON	2
Northampton, MA	Eugene, OR	2
Northampton, MA	Lakeside, OR	2
Princeton, WI	Boston, MA	2
Princeton, WI	Neshannock, PA	4
Princeton, WI	Minneapolis, MN	4
Princeton, WI	Auburn, CA	6
Princeton, WI	Tamarac, FL	2
Princeton, WI	Park Forest, IL	2
Princeton, WI	Hollywood, CA	2
Princeton, WI	Long Beach, CA	6
Princeton, WI	Miamisburg, OH	4
Princeton, WI	Las Vegas, NV	2
Princeton, WI	Franklin Square, NY	4
Princeton, WI	Racine, WI	4
Princeton, WI	Menomonee Falls, WI	4
Princeton, WI	Buffalo, NY	2
Princeton, WI	Raleigh, NC	2
Princeton, WI	Toronto, ON	2
Princeton, WI	North Adams, MA	2
Princeton, WI	Jackson Heights, NY	2
Princeton, WI	Milford, CT	2
Princeton, WI	Pittsburgh, PA	2
Princeton, WI	Dripping Springs, TX	2
Princeton, WI	Austin, TX	2
Princeton, WI	Centerville, OH	2
Princeton, WI	Concord, CA	2
Princeton, WI	Agoura, CA	2
Princeton, WI	River Forest, IL	2
Princeton, WI	Oak Park, IL	2
Princeton, WI	Wilmette, IL	2
Princeton, WI	Philadelphia, PA	2
Princeton, WI	Wilton, CT	2
Princeton, WI	Montreal, QC	4
Princeton, WI	Orlando, FL	2
Princeton, WI	Adel, IA	2
Princeton, WI	Poughkeepsie, NY	2
Boston, MA	Garden City, NY	2
Boston, MA	Washington, DC	2
Boston, MA	Greenwich, CT	2
Boston, MA	Kansas City, KS	2
Boston, MA	Neshannock, PA	2
Boston, MA	Neshannock, MS	2
Boston, MA	Bridgeport, CT	2
Boston, MA	San Jose, CA	2
Boston, MA	Ithaca, NY	2
Boston, MA	St Paul, MN	2
Boston, MA	New Haven, CT	2
Boston, MA	San Antonio, TX	2
Boston, MA	Gainesville, FL	2
Boston, MA	College Park, MD	2
Montreal, QC	Gainesville, FL	8
Montreal, QC	Ann Arbor, MI	2
Montreal, QC	Philadelphia, PA	4
Montreal, QC	Cambridge, MA	6
Montreal, QC	Madison, WI	2
Montreal, QC	Swarthmore, PA	2
Montreal, QC	Greenwich, CT	4
Montreal, QC	Westland, MI	2
Montreal, QC	, 1	4
Montreal, QC	Sillery, QC	2
Montreal, QC	St-Augustin, QC	2
Montreal, QC	Toronto, ON	12
Montreal, QC	Cambridge, ON	2
Montreal, QC	Wilmington, NC	2
Montreal, QC	Ottawa, ON	2
Montreal, QC	Baltimore, MD	2
Montreal, QC	Jersey City, NJ	2
Montreal, QC	Marietta, GA	6
Montreal, QC	Jackson, MS	2
Montreal, QC	Picton, ON	2
Montreal, QC	St Louis, MO	4
Montreal, QC	St. Lambert, QC	2
Montreal, QC	Minneapolis, MN	2
Montreal, QC	Hoffman Estates, IL	2
Montreal, QC	Racine, WI	2
Montreal, QC	Richmond, BC	6
Montreal, QC	Greenwich, NS	4
Montreal, QC	Wolfville, NS	2
Montreal, QC	Brooklyn, NY	2
Montreal, QC	Syracuse, NY	2
Kansas City, KS	Toronto, ON	4
Kansas City, KS	Bellingham, WA	2
Kansas City, KS	Las Vegas, NV	2
Kansas City, KS	North Hollywood, CA	2
Kansas City, KS	Somerset, NJ	2
Kansas City, KS	Brooklyn, NY	2
Kansas City, KS	Greenwich, CT	4
Kansas City, KS	Thousand Oaks, CA	2
Kansas City, KS	Santa Rosa, CA	2
Kansas City, KS	Detroit, MI	2
Kansas City, KS	Philadelphia, PA	2
Kansas City, KS	Arlington, VA	2
Kansas City, KS	Anderson, IN	2
Kansas City, KS	Garden City, NY	2
Kansas City, KS	Washington, DC	2
Kansas City, KS	Neshannock, PA	2
Kansas City, KS	Neshannock, MS	2
Kansas City, KS	Bridgeport, CT	2
Kansas City, KS	Mission, KS	4
Kansas City, KS	Novato, CA	2
Kansas City, KS	NY, NY	2
Kansas City, KS	Scarborough, ON	2
Kansas City, KS	Fairway, KS	2
Kansas City, KS	Englewood Cliffs, NJ	2
Toronto, ON	Buffalo, NY	6
Toronto, ON	Las Vegas, NV	4
Toronto, ON	Agoura, CA	2
Toronto, ON	New Castle, PA	2
Toronto, ON	Lincolnwood, IL	2
Toronto, ON	New Rochelle, NY	2
Toronto, ON	Neshannock, PA	2
Toronto, ON	Holbrook, MA	2
Toronto, ON	Miamisburg, OH	2
Toronto, ON	Park Forest, IL	2
Toronto, ON	Mineola, NY	2
Toronto, ON	Kitchener, ON	4
Toronto, ON	Evanston, IL	2
Toronto, ON	Iola, WI	2
Toronto, ON	Garden City, NY	2
Toronto, ON	Jackson, MS	4
Toronto, ON	Scarsdale, NY	2
Toronto, ON	Brooklyn, NY	2
Toronto, ON	Portland, OR	4
Toronto, ON	Marietta, GA	2
Toronto, ON	Nashville, TN	2
Toronto, ON	Murray Hill Station, NY	2
Toronto, ON	Poughkeepsie, NY	2
Toronto, ON	Ottawa, ON	4
Toronto, ON	Ontario, ON	2
Toronto, ON	Bellingham, WA	2
Toronto, ON	Laguna Hills, CA	2
Toronto, ON	Long Beach, CA	4
Toronto, ON	Whitefish, MT	2
Toronto, ON	Racine, WI	4
Toronto, ON	Picton, ON	2
Toronto, ON	New Brunswick, NJ	2
Toronto, ON	Pittsburgh, PA	2
Toronto, ON	Bethel, CT	2
Toronto, ON	Englewood Cliffs, NJ	2
Toronto, ON	Secaucus, NJ	2
Toronto, ON	St. Laurent, QC	2
Iola, WI	Leonia, NJ	2
Iola, WI	Warwick, RI	2
Iola, WI	Cincinnati, OH	2
Skokie, IL	West Hempstead, NY	2
Skokie, IL	Calabasas, CA	2
Skokie, IL	Mills, NC	2
Skokie, IL	Lincolnwood, IL	2
West Hempstead, NY	Calabasas, CA	2
Calabasas, CA	Hawthorne, CA	2
Calabasas, CA	Scottsdale, AZ	2
Calabasas, CA	Jackson, MS	2
Calabasas, CA	Evanston, IL	2
Calabasas, CA	Picton, ON	2
Calabasas, CA	Sanborn, NY	2
Calabasas, CA	Philadelphia, PA	2
Calabasas, CA	Orange, CA	2
Calabasas, CA	San Jose, CA	2
Calabasas, CA	Wheeling, WV	2
Calabasas, CA	Raleigh, NC	2
Calabasas, CA	Portland, OR	2
Calabasas, CA	Houghton, MI	2
Marietta, GA	Indianapolis, IN	2
Marietta, GA	Milford, CT	2
Marietta, GA	Baltimore, MD	2
Marietta, GA	Centerville, OH	2
Marietta, GA	Brooklyn, NY	6
Marietta, GA	Lilburn, GA	2
Marietta, GA	San Jose, CA	2
Marietta, GA	Deerfield, IL	2
Marietta, GA	San Antonio, TX	2
Marietta, GA	Philadelphia, PA	6
Marietta, GA	Oreland, PA	2
Marietta, GA	Cambridge, MA	2
Marietta, GA	Burlington, VT	2
Marietta, GA	Gainesville, FL	6
Marietta, GA	Santa Clara, CA	2
Marietta, GA	Portland, OR	6
Marietta, GA	Emeryville, CA	2
Marietta, GA	Richmond, VA	4
Marietta, GA	North Little Rock, AR	2
Marietta, GA	North Mankato, MN	2
Marietta, GA	Abingdon, MD	2
Marietta, GA	Pasadena, CA	2
Marietta, GA	Eugene, OR	2
Marietta, GA	Hudson, MA	2
Marietta, GA	Shorewood, WI	2
Marietta, GA	Waukesha, WI	2
Marietta, GA	Menomonee Falls, WI	2
Indianapolis, IN	Glenside, PA	2
Indianapolis, IN	Ankeny, IA	2
Indianapolis, IN	League City, TX	2
Indianapolis, IN	West Milford, NJ	2
Indianapolis, IN	Austin, TX	2
Indianapolis, IN	Washington, DC	2
Indianapolis, IN	Doylestown, PA	2
Indianapolis, IN	Dolyestown, PA	2
Indianapolis, IN	Quincy, MA	2
Indianapolis, IN	State College, PA	2
Indianapolis, IN	Jefferson City, MO	2
Indianapolis, IN	Rockville, MD	2
Indianapolis, IN	Portland, OR	2
Indianapolis, IN	Thousand Oaks, CA	2
San Jose, CA	Portland, OR	6
San Jose, CA	Orange, CA	6
San Jose, CA	La Mesa, CA	2
San Jose, CA	Colorado Springs, CO	2
San Jose, CA	Garden Grove, CA	2
San Jose, CA	San Juan Capistrano, CA	2
San Jose, CA	Oceanside, CA	2
San Jose, CA	Livonia, MI	2
San Jose, CA	Dallas, GA	2
San Jose, CA	Richmond, VA	2
San Jose, CA	North Babylon, NY	2
San Jose, CA	Virginia Beach, VA	2
San Jose, CA	Pittsburgh, PA	2
San Jose, CA	Calumet City, IL	4
San Jose, CA	Greenville, SC	2
San Jose, CA	MI, MI	2
San Jose, CA	North Mankato, MN	2
San Jose, CA	Kempton, IL	2
San Jose, CA	Berthoud, CO	2
San Jose, CA	Lachine, QC	2
San Jose, CA	Raleigh, NC	2
San Jose, CA	Eugene, OR	2
San Jose, CA	Lakeside, OR	2
San Jose, CA	Easthampton, MA	2
Portland, OR	Orange, CA	10
Portland, OR	Easthampton, MA	2
Portland, OR	Richmond, VA	6
Portland, OR	Livonia, MI	8
Portland, OR	Dallas, GA	4
Portland, OR	Mamaroneck, NY	2
Portland, OR	Levittown, PA	2
Portland, OR	Langhorne, PA	2
Portland, OR	Denver, CO	2
Portland, OR	Lakewood, CO	2
Portland, OR	Lawrenceville, NJ	2
Portland, OR	Philadelphia, PA	4
Portland, OR	Santa Clara, CA	2
Portland, OR	Emeryville, CA	2
Portland, OR	Fairfax, VA	2
Portland, OR	Washington, DC	2
Portland, OR	Brooklyn, NY	8
Portland, OR	Westmont, IL	2
Portland, OR	Westland, MI	2
Portland, OR	Sylmar, CA	2
Portland, OR	Allen Park, MI	2
Portland, OR	Cambridge, MA	2
Portland, OR	Carrboro, NC	2
Portland, OR	Ketchum, ID	2
Portland, OR	Petaluma, CA	2
Portland, OR	Columbus, OH	2
Portland, OR	Somerville, MA	2
Portland, OR	Ansonia, CT	2
Portland, OR	Haverhill, MA	2
Portland, OR	Arcata, CA	2
Portland, OR	Cambridge, ON	2
Portland, OR	Fulton, CA	2
Portland, OR	Bloomington, IN	6
Portland, OR	Long Island City, NY	2
Portland, OR	Champaign, IL	2
St Clair Shores, MI	Detroit, MI	2
Detroit, MI	Greenwich, CT	2
Detroit, MI	Thousand Oaks, CA	2
Detroit, MI	Santa Rosa, CA	2
Detroit, MI	Philadelphia, PA	2
Detroit, MI	Arlington, VA	2
Detroit, MI	Anderson, IN	2
Detroit, MI	Hamtramck, MI	4
Detroit, MI	Baltimore, MD	2
Detroit, MI	Raleigh, NC	2
Detroit, MI	MI, MI	4
Detroit, MI	Dallas, GA	2
Detroit, MI	Livonia, MI	2
Detroit, MI	Warren, MI	2
Detroit, MI	Gainesville, TX	2
Detroit, MI	Allen Park, MI	2
Detroit, MI	Cambridge, MA	2
Rockville Centre, NY	Lakeport, CA	2
Rockville Centre, NY	Hollywood, CA	6
Rockville Centre, NY	El Cajon, CA	2
Rockville Centre, NY	Jackson, MS	2
Battle Creek, MI	Saint Joseph, MI	2
Battle Creek, MI	Kalamazoo, MI	2
Battle Creek, MI	Neshannock, PA	2
Battle Creek, MI	Racine, WI	2
Battle Creek, MI	Ann Arbor, MI	2
Hawthorne, CA	Scottsdale, AZ	2
Hawthorne, CA	Rego Park, NY	2
Hawthorne, CA	Chalfont, PA	2
Scottsdale, AZ	Houston, TX	2
Scottsdale, AZ	Toluca Lake, CA	2
Scottsdale, AZ	Hollywood, CA	2
Scottsdale, AZ	Jackson, MS	2
Scottsdale, AZ	Prescott, AZ	2
Scottsdale, AZ	Racine, WI	2
Scottsdale, AZ	Auburn, CA	4
Scottsdale, AZ	Cape Neddick, ME	2
Birmingham, AL	Woodside, NY	2
Birmingham, AL	Wheeling, WV	2
Birmingham, AL	Haydenville, MA	2
Birmingham, AL	Glencoe, AL	2
Woodside, NY	Wheeling, WV	2
Woodside, NY	Haydenville, MA	2
Woodside, NY	Glencoe, AL	2
Wheeling, WV	Haydenville, MA	2
Wheeling, WV	Glencoe, AL	2
Wheeling, WV	Oldsmar, FL	2
Wheeling, WV	New Orleans, LA	2
Wheeling, WV	Tampa, FL	2
Wheeling, WV	Norristown, PA	2
Wheeling, WV	Raleigh, NC	2
Wheeling, WV	Thousand Oaks, CA	2
Wheeling, WV	Narragansett, RI	2
Wheeling, WV	Kingston, RI	2
Wheeling, WV	Phoenix, AZ	2
Wheeling, WV	Auburn, CA	2
Wheeling, WV	Wyoming, MI	2
Haydenville, MA	Glencoe, AL	2
Haydenville, MA	Sharon, CT	2
Haydenville, MA	Mamaroneck, NY	2
Haydenville, MA	Albany, NY	2
West Haven, CT	Woodbury, NY	2
West Haven, CT	Bridgeport, CT	4
West Haven, CT	Mount Horeb, WI	10
West Haven, CT	Winston-Salem, NC	2
West Haven, CT	Somerset, NJ	2
West Haven, CT	Brooklyn, NY	2
West Haven, CT	New Haven, CT	2
West Haven, CT	St-Laurent. Montreal, QC	2
West Haven, CT	Guerneville, CA	2
West Haven, CT	Middletown, CT	2
West Haven, CT	Westwood, NJ	2
West Haven, CT	Racine, WI	2
Santa Cruz, CA	Tucson, AZ	2
Brooklyn, NY	Bellingham, WA	2
Brooklyn, NY	Las Vegas, NV	2
Brooklyn, NY	North Hollywood, CA	2
Brooklyn, NY	Somerset, NJ	4
Brooklyn, NY	Edina, MN	2
Brooklyn, NY	Acworth, GA	2
Brooklyn, NY	Lebanon, VA	2
Brooklyn, NY	Oldsmar, FL	2
Brooklyn, NY	Calumet City, IL	2
Brooklyn, NY	NY, NY	2
Brooklyn, NY	Lake Geneva, WI	2
Brooklyn, NY	Minneapolis, MN	2
Brooklyn, NY	Bridgeport, CT	2
Brooklyn, NY	New Haven, CT	2
Brooklyn, NY	St-Laurent. Montreal, QC	2
Brooklyn, NY	Guerneville, CA	2
Brooklyn, NY	Philadelphia, PA	2
Brooklyn, NY	Jackson Heights, NY	2
Brooklyn, NY	Raleigh, NC	2
Brooklyn, NY	Bloomington, IN	2
Brooklyn, NY	Gainesville, FL	2
Florence, KY	KY, KY	2
Florence, KY	Kalamazoo, MI	2
Neshannock, PA	Minneapolis, MN	2
Neshannock, PA	Auburn, CA	2
Neshannock, PA	Agoura, CA	4
Neshannock, PA	New Castle, PA	4
Neshannock, PA	Lincolnwood, IL	2
Neshannock, PA	New Rochelle, NY	2
Neshannock, PA	Holbrook, MA	2
Neshannock, PA	Garden City, NY	2
Neshannock, PA	Washington, DC	2
Neshannock, PA	Greenwich, CT	2
Neshannock, PA	Neshannock, MS	2
Neshannock, PA	Bridgeport, CT	2
Neshannock, PA	Morton Grove, IL	2
Neshannock, PA	Hollywood, CA	2
Neshannock, PA	Racine, WI	8
Neshannock, PA	El Cajon, CA	2
Neshannock, PA	Ann Arbor, MI	2
Neshannock, PA	Franklin Square, NY	2
Neshannock, PA	Centerville, OH	2
Neshannock, PA	Miamisburg, OH	2
Neshannock, PA	Concord, CA	2
Neshannock, PA	Long Beach, CA	4
Neshannock, PA	Jackson, MS	2
Neshannock, PA	Port Washington, WA	2
Neshannock, PA	Las Vegas, NV	2
Neshannock, PA	Washington Square, NY	2
Neshannock, PA	Owings Mills, MD	2
Neshannock, PA	Philadelphia, PA	2
Neshannock, PA	Park Forest, IL	2
Neshannock, PA	Forest Park, GA	2
Neshannock, PA	Raleigh, NC	2
Minneapolis, MN	Auburn, CA	2
Minneapolis, MN	Thousand Oaks, CA	2
Minneapolis, MN	Livonia, MI	4
Minneapolis, MN	Lincoln, NE	2
Minneapolis, MN	Norfolk, VA	2
Minneapolis, MN	Washington, DC	2
Minneapolis, MN	Philadelphia, PA	4
Minneapolis, MN	Grand Rapids, MI	2
Minneapolis, MN	Greencastle, PA	2
Minneapolis, MN	Mamaroneck, NY	2
Minneapolis, MN	Mankato, MN	2
Minneapolis, MN	Hoffman Estates, IL	2
Minneapolis, MN	Jackson Heights, NY	2
Minneapolis, MN	Dallas, GA	2
Minneapolis, MN	Morton Grove, IL	2
Minneapolis, MN	Richmond, VA	2
Auburn, CA	Dripping Springs, TX	2
Auburn, CA	Austin, TX	2
Auburn, CA	Dover, NJ	2
Auburn, CA	Stanhope, NJ	2
Racine, WI	New Rochelle, NY	2
Racine, WI	Agoura, CA	4
Racine, WI	Long Beach, CA	20
Racine, WI	Miamisburg, OH	4
Racine, WI	Las Vegas, NV	6
Racine, WI	Franklin Square, NY	4
Racine, WI	Menomonee Falls, WI	2
Racine, WI	Buffalo, NY	4
Racine, WI	Mérida, YU	2
Racine, WI	Waco, TX	2
Racine, WI	Greenwich, CT	4
Racine, WI	Louisville, KY	2
Racine, WI	Romona, CA	2
Racine, WI	Clackamas, OR	2
Racine, WI	El Cajon, CA	10
Racine, WI	Philadelphia, PA	14
Racine, WI	Washington Square, NY	4
Racine, WI	Whitefish, MT	2
Racine, WI	Ann Arbor, MI	4
Racine, WI	Centerville, OH	2
Racine, WI	Concord, CA	2
Racine, WI	Jackson, MS	2
Racine, WI	Prescott, AZ	6
Racine, WI	Owings Mills, MD	2
Racine, WI	Park Forest, IL	4
Racine, WI	Girard, KS	2
Racine, WI	East Lansing, MI	2
Racine, WI	Stuart, FL	2
Racine, WI	Houston, TX	2
Racine, WI	Akron, OH	4
Racine, WI	Mineola, NY	2
Racine, WI	Secaucus, NJ	2
Racine, WI	Jefferson, NC	2
Racine, WI	New Castle, PA	2
Racine, WI	Longwood, FL	2
Racine, WI	St Louis, MO	2
Racine, WI	Pelham, NY	2
Racine, WI	Springfield, MA	2
Racine, WI	Westwood, NJ	2
Racine, WI	Wytheville, VA	2
Racine, WI	Newark, NJ	2
Albany, NY	Staten Island, NY	2
Albany, NY	Sharon, CT	2
Albany, NY	Mamaroneck, NY	2
Albany, NY	Centerville, OH	2
Albany, NY	Sacramento, CA	2
Albany, NY	East Rockaway, NY	2
Albany, NY	Narragansett, RI	2
Dripping Springs, TX	Austin, TX	2
Houston, TX	San Antonio, TX	2
Houston, TX	Cincinnati, OH	2
Houston, TX	Stuart, FL	2
Houston, TX	Akron, OH	4
Houston, TX	Long Beach, CA	2
Santa Barbara, CA	Orlando, FL	2
Orange, CA	Lexington, KY	2
Orange, CA	Colorado Springs, CO	2
Orange, CA	Garden Grove, CA	2
Orange, CA	San Juan Capistrano, CA	2
Orange, CA	Oceanside, CA	2
Orange, CA	Livonia, MI	8
Orange, CA	Dallas, GA	2
Orange, CA	Oldsmar, FL	4
Orange, CA	Dover, NJ	2
Orange, CA	Baltimore, MD	4
Orange, CA	Berlin, NJ	2
Orange, CA	Thousand Oaks, CA	2
Orange, CA	Grand Rapids, MI	2
Orange, CA	Miami, FL	2
Orange, CA	La Mesa, CA	2
Orange, CA	Staten Island, NY	2
Orange, CA	Lebanon, NJ	2
Orange, CA	Ketchum, ID	2
Orange, CA	Fort Washington, PA	2
Orange, CA	Washington, DC	2
Orange, CA	Raleigh, NC	2
Orange, CA	Beltsville, MD	2
Orange, CA	Ottawa, IL	2
Orange, CA	Agoura, CA	2
Orange, CA	Westland, MI	2
Orange, CA	Hickory, NC	2
Orange, CA	Fremont, CA	2
Orange, CA	Coquitlam, BC	2
Orange, CA	Somerville, MA	2
Hamtramck, MI	Farmington, MI	2
Hamtramck, MI	Kalamazoo, MI	2
Hamtramck, MI	Baltimore, MD	2
Hamtramck, MI	Raleigh, NC	2
Hamtramck, MI	MI, MI	2
Farmington, MI	Kalamazoo, MI	2
Kalamazoo, MI	MI, MI	2
Kalamazoo, MI	Remus, MI	4
MI, MI	Mason, MI	2
MI, MI	Baltimore, MD	2
MI, MI	Raleigh, NC	2
MI, MI	Dallas, GA	2
MI, MI	Livonia, MI	2
MI, MI	Ann Arbor, MI	4
MI, MI	Ada, MI	2
MI, MI	East Lansing, MI	2
MI, MI	Newark, OH	2
MI, MI	Remus, MI	2
MI, MI	Lansing, MI	2
Buffalo, NY	Las Vegas, NV	6
Buffalo, NY	Long Beach, CA	4
Buffalo, NY	Miamisburg, OH	2
Buffalo, NY	Franklin Square, NY	2
Buffalo, NY	Menomonee Falls, WI	2
Buffalo, NY	El Sobrante, CA	2
Buffalo, NY	North Hollywood, CA	2
Buffalo, NY	Northridge, CA	2
Buffalo, NY	Rochester, NY	2
Las Vegas, NV	Bellingham, WA	2
Las Vegas, NV	North Hollywood, CA	2
Las Vegas, NV	Somerset, NJ	2
Las Vegas, NV	Long Beach, CA	4
Las Vegas, NV	Miamisburg, OH	2
Las Vegas, NV	Franklin Square, NY	2
Las Vegas, NV	Menomonee Falls, WI	2
Las Vegas, NV	San Bernardino, CA	2
Las Vegas, NV	Canoga Park, CA	2
Las Vegas, NV	Washington Square, NY	2
Las Vegas, NV	Owings Mills, MD	2
Las Vegas, NV	Philadelphia, PA	2
Las Vegas, NV	Park Forest, IL	2
Las Vegas, NV	Dallas, TX	2
Las Vegas, NV	Park Ridge, IL	2
West Carrollton, OH	Akron, OH	2
West Carrollton, OH	Wilton, CT	2
West Carrollton, OH	Greenwich, CT	2
West Carrollton, OH	Bedford, NY	2
West Carrollton, OH	Port Chester, NY	2
Akron, OH	Wilton, CT	2
Akron, OH	Greenwich, CT	2
Akron, OH	Bedford, NY	2
Akron, OH	Port Chester, NY	2
Akron, OH	Stuart, FL	2
Akron, OH	Long Beach, CA	2
Akron, OH	Stamford, CT	2
Wilton, CT	Greenwich, CT	2
Wilton, CT	Bedford, NY	2
Wilton, CT	Port Chester, NY	2
Greenwich, CT	Bedford, NY	2
Greenwich, CT	Port Chester, NY	2
Greenwich, CT	Thousand Oaks, CA	2
Greenwich, CT	Santa Rosa, CA	2
Greenwich, CT	Philadelphia, PA	4
Greenwich, CT	Arlington, VA	2
Greenwich, CT	Anderson, IN	2
Greenwich, CT	Garden City, NY	4
Greenwich, CT	Washington, DC	2
Greenwich, CT	Neshannock, MS	2
Greenwich, CT	Bridgeport, CT	2
Greenwich, CT	Nashville, TN	2
Greenwich, CT	Colorado Springs, CO	2
Greenwich, CT	Des Moines, IA	2
Greenwich, CT	Valley Forge, PA	2
Greenwich, CT	Carmel, NY	2
Greenwich, CT	Mérida, YU	2
Greenwich, CT	Waco, TX	2
Greenwich, CT	Louisville, KY	2
Greenwich, CT	Long Beach, CA	2
Greenwich, CT	El Cajon, CA	2
Greenwich, CT	Prescott, AZ	2
Greenwich, CT	Greenfield, WI	2
Greenwich, CT	River Forest, IL	2
Greenwich, CT	Richmond, VA	2
Bedford, NY	Port Chester, NY	2
Ann Arbor, MI	Gainesville, FL	4
Ann Arbor, MI	Philadelphia, PA	2
Ann Arbor, MI	Cambridge, MA	2
Ann Arbor, MI	Ada, MI	2
Ann Arbor, MI	Winter Park, FL	2
Ann Arbor, MI	Gaylord, MI	2
Gainesville, FL	Philadelphia, PA	6
Gainesville, FL	Cambridge, MA	4
Gainesville, FL	Burlington, VT	2
Gainesville, FL	Wilmington, NC	2
Gainesville, FL	San Antonio, TX	2
Gainesville, FL	New Milford, CT	2
Gainesville, FL	Newburgh, NY	2
Philadelphia, PA	Cambridge, MA	4
Philadelphia, PA	Thousand Oaks, CA	2
Philadelphia, PA	Santa Rosa, CA	2
Philadelphia, PA	Arlington, VA	2
Philadelphia, PA	Anderson, IN	2
Philadelphia, PA	San Rafael, CA	2
Philadelphia, PA	Culver City, CA	2
Philadelphia, PA	Levittown, PA	2
Philadelphia, PA	Langhorne, PA	2
Philadelphia, PA	Denver, CO	2
Philadelphia, PA	Lakewood, CO	2
Philadelphia, PA	Livonia, MI	2
Philadelphia, PA	Lawrenceville, NJ	2
Philadelphia, PA	Oreland, PA	2
Philadelphia, PA	Burlington, VT	2
Philadelphia, PA	Washington, DC	2
Philadelphia, PA	Grand Rapids, MI	2
Philadelphia, PA	Guerneville, CA	2
Philadelphia, PA	Lanham, MD	2
Philadelphia, PA	Washington Square, NY	4
Philadelphia, PA	Garden City, NY	2
Philadelphia, PA	Madison, WI	2
Philadelphia, PA	Long Beach, CA	8
Philadelphia, PA	Owings Mills, MD	2
Philadelphia, PA	Park Forest, IL	2
Philadelphia, PA	South Hackensack, NJ	2
Philadelphia, PA	El Cajon, CA	4
Philadelphia, PA	Prescott, AZ	2
Philadelphia, PA	East Orange, NJ	2
Philadelphia, PA	Belmont, CA	2
Philadelphia, PA	Lansing, MI	2
Cambridge, MA	MA, MA	2
Cambridge, MA	Burlington, VT	2
Cambridge, MA	Great Neck, NY	2
Cambridge, MA	Sylmar, CA	2
Cambridge, MA	Allen Park, MI	2
Cambridge, MA	Somerville, MA	2
Cambridge, MA	Baltimore, MD	2
Cambridge, MA	Jersey City, NJ	2
Cambridge, MA	Smithers, BC	2
Bellingham, WA	North Hollywood, CA	2
Bellingham, WA	Somerset, NJ	2
Bellingham, WA	Laguna Hills, CA	2
North Hollywood, CA	Somerset, NJ	2
North Hollywood, CA	Northridge, CA	2
Somerset, NJ	Bridgeport, CT	2
Somerset, NJ	New Haven, CT	2
Somerset, NJ	St-Laurent. Montreal, QC	2
Somerset, NJ	Guerneville, CA	2
Long Beach, CA	Van Nuys, CA	2
Long Beach, CA	New Rochelle, NY	2
Long Beach, CA	Agoura, CA	6
Long Beach, CA	Stamford, CT	2
Long Beach, CA	Franklin Square, NY	6
Long Beach, CA	Glen Ridge, NJ	2
Long Beach, CA	Wayne, NJ	2
Long Beach, CA	Thousand Oaks, CA	2
Long Beach, CA	Bridgeport, CT	2
Long Beach, CA	Miamisburg, OH	4
Long Beach, CA	Menomonee Falls, WI	2
Long Beach, CA	Lakewood, CO	2
Long Beach, CA	Ottawa, ON	2
Long Beach, CA	Whitefish, MT	2
Long Beach, CA	Centerville, OH	2
Long Beach, CA	Concord, CA	2
Long Beach, CA	Los Alamos, CA	2
Long Beach, CA	Los Alamitos, CA	2
Long Beach, CA	Guerneville, CA	2
Long Beach, CA	Forest Hills, NY	2
Long Beach, CA	El Cajon, CA	4
Long Beach, CA	Washington Square, NY	2
Long Beach, CA	Owings Mills, MD	2
Long Beach, CA	Park Forest, IL	2
Long Beach, CA	Stuart, FL	2
Long Beach, CA	Prescott, AZ	2
Long Beach, CA	Pelham, NY	2
Thousand Oaks, CA	Santa Rosa, CA	2
Thousand Oaks, CA	Arlington, VA	2
Thousand Oaks, CA	Anderson, IN	2
Thousand Oaks, CA	Livonia, MI	2
Thousand Oaks, CA	Lincoln, NE	2
Thousand Oaks, CA	Agoura, CA	2
Thousand Oaks, CA	Stamford, CT	2
Thousand Oaks, CA	Franklin Square, NY	2
Thousand Oaks, CA	Glen Ridge, NJ	2
Thousand Oaks, CA	Wayne, NJ	2
Thousand Oaks, CA	Bridgeport, CT	2
Thousand Oaks, CA	Hoboken, NJ	2
Thousand Oaks, CA	Raleigh, NC	2
Thousand Oaks, CA	Guerneville, CA	2
Thousand Oaks, CA	Norristown, PA	2
Santa Rosa, CA	Arlington, VA	2
Santa Rosa, CA	Anderson, IN	2
Arlington, VA	Anderson, IN	2
Arlington, VA	Allston, MA	2
Arlington, VA	Fort Lee, NJ	2
Glenside, PA	Ankeny, IA	2
Glenside, PA	League City, TX	2
Glenside, PA	West Milford, NJ	2
Glenside, PA	Austin, TX	2
Glenside, PA	Washington, DC	2
Glenside, PA	Doylestown, PA	2
Glenside, PA	Dolyestown, PA	2
Glenside, PA	Quincy, MA	2
Glenside, PA	State College, PA	2
Glenside, PA	Jefferson City, MO	2
Glenside, PA	Rockville, MD	2
Ankeny, IA	League City, TX	2
Ankeny, IA	West Milford, NJ	2
Ankeny, IA	Austin, TX	2
Ankeny, IA	Washington, DC	2
Ankeny, IA	Doylestown, PA	2
Ankeny, IA	Dolyestown, PA	2
Ankeny, IA	Quincy, MA	2
Ankeny, IA	State College, PA	2
Ankeny, IA	Jefferson City, MO	2
Ankeny, IA	Rockville, MD	2
League City, TX	West Milford, NJ	2
League City, TX	Austin, TX	2
League City, TX	Washington, DC	2
League City, TX	Doylestown, PA	2
League City, TX	Dolyestown, PA	2
League City, TX	Quincy, MA	2
League City, TX	State College, PA	2
League City, TX	Jefferson City, MO	2
League City, TX	Rockville, MD	2
West Milford, NJ	Austin, TX	2
West Milford, NJ	Washington, DC	2
West Milford, NJ	Doylestown, PA	2
West Milford, NJ	Dolyestown, PA	2
West Milford, NJ	Quincy, MA	2
West Milford, NJ	State College, PA	2
West Milford, NJ	Jefferson City, MO	2
West Milford, NJ	Rockville, MD	2
Austin, TX	Washington, DC	2
Austin, TX	Doylestown, PA	2
Austin, TX	Dolyestown, PA	2
Austin, TX	Quincy, MA	2
Austin, TX	State College, PA	2
Austin, TX	Jefferson City, MO	2
Austin, TX	Rockville, MD	2
Austin, TX	San Antonio, TX	2
Austin, TX	Irving, TX	2
Austin, TX	Dallas, TX	2
Washington, DC	Doylestown, PA	2
Washington, DC	Dolyestown, PA	2
Washington, DC	Quincy, MA	2
Washington, DC	State College, PA	2
Washington, DC	Jefferson City, MO	2
Washington, DC	Rockville, MD	2
Washington, DC	Garden City, NY	2
Washington, DC	Neshannock, MS	2
Washington, DC	Bridgeport, CT	2
Washington, DC	Grand Rapids, MI	2
Washington, DC	Fairfax, VA	2
Washington, DC	Fort Washington, PA	2
Washington, DC	Rochester, NY	2
Washington, DC	Durham, NC	2
Washington, DC	New Brunswick, NJ	2
Washington, DC	College Park, MD	2
Doylestown, PA	Dolyestown, PA	2
Doylestown, PA	Quincy, MA	2
Doylestown, PA	State College, PA	2
Doylestown, PA	Jefferson City, MO	2
Doylestown, PA	Rockville, MD	2
Dolyestown, PA	Quincy, MA	2
Dolyestown, PA	State College, PA	2
Dolyestown, PA	Jefferson City, MO	2
Dolyestown, PA	Rockville, MD	2
Quincy, MA	State College, PA	2
Quincy, MA	Jefferson City, MO	2
Quincy, MA	Rockville, MD	2
State College, PA	Jefferson City, MO	2
State College, PA	Rockville, MD	2
Jefferson City, MO	Rockville, MD	2
Livonia, MI	Lincoln, NE	2
Livonia, MI	Dallas, GA	6
Livonia, MI	Levittown, PA	2
Livonia, MI	Langhorne, PA	2
Livonia, MI	Denver, CO	2
Livonia, MI	Lakewood, CO	2
Livonia, MI	Lawrenceville, NJ	2
Livonia, MI	Greencastle, PA	2
Livonia, MI	Westland, MI	4
Livonia, MI	Norcross, GA	2
Livonia, MI	Hickory, NC	2
Lincoln, NE	Malden, MA	2
Woodbury, NY	Bridgeport, CT	2
Bridgeport, CT	Agoura, CA	2
Bridgeport, CT	Stamford, CT	2
Bridgeport, CT	Franklin Square, NY	2
Bridgeport, CT	Glen Ridge, NJ	2
Bridgeport, CT	Wayne, NJ	2
Bridgeport, CT	Garden City, NY	2
Bridgeport, CT	Neshannock, MS	2
Bridgeport, CT	New Haven, CT	2
Bridgeport, CT	St-Laurent. Montreal, QC	2
Bridgeport, CT	Guerneville, CA	2
Bridgeport, CT	Mount Horeb, WI	2
Orlando, FL	Adel, IA	2
Orlando, FL	Florence, AL	2
Tamarac, FL	Park Forest, IL	2
Tamarac, FL	Hollywood, CA	2
Park Forest, IL	Hollywood, CA	2
Park Forest, IL	Miamisburg, OH	2
Park Forest, IL	Mineola, NY	2
Park Forest, IL	Kitchener, ON	2
Park Forest, IL	Evanston, IL	2
Park Forest, IL	Mountain Home, TN	4
Park Forest, IL	Wilmington, DE	2
Park Forest, IL	Washington Square, NY	2
Park Forest, IL	Owings Mills, MD	2
Park Forest, IL	Norristown, PA	2
Park Forest, IL	Scotch Plains, NJ	2
Hollywood, CA	Morton Grove, IL	2
Hollywood, CA	New Castle, PA	2
Hollywood, CA	Tustin, CA	2
Hollywood, CA	Syracuse, NY	2
Hollywood, CA	Jackson, MS	2
Baltimore, MD	Raleigh, NC	4
Baltimore, MD	Milford, CT	2
Baltimore, MD	Centerville, OH	2
Baltimore, MD	Berlin, NJ	2
Baltimore, MD	Jersey City, NJ	2
Baltimore, MD	Beltsville, MD	2
Baltimore, MD	Centennial, CO	2
Raleigh, NC	Beltsville, MD	2
Raleigh, NC	Guerneville, CA	2
Raleigh, NC	Norristown, PA	2
Raleigh, NC	Jefferson, NC	2
Raleigh, NC	Eugene, OR	2
Raleigh, NC	Lakeside, OR	2
Yellow Springs, OH	St Cloud, MN	2
Yellow Springs, OH	Troy, MI	2
St Cloud, MN	Troy, MI	2
Norfolk, VA	Norristown, PA	2
Norfolk, VA	Virginia Beach, VA	2
Norfolk, VA	Poughkeepsie, NY	2
Norfolk, VA	Claremont, CA	2
Norfolk, VA	Renton, WA	2
Milford, CT	Centerville, OH	2
Milford, CT	North Adams, MA	2
Milford, CT	Jackson Heights, NY	2
Centerville, OH	Dayton, OH	2
Centerville, OH	Franklin Square, NY	2
Centerville, OH	Miamisburg, OH	2
Centerville, OH	Concord, CA	2
Centerville, OH	Agoura, CA	2
Newport Coast, CA	Wilmette, IL	2
Wilmette, IL	River Forest, IL	2
Wilmette, IL	Oak Park, IL	2
Some Town, MI	East Lansing, MI	2
East Lansing, MI	Lansing, MI	4
East Lansing, MI	Phoenix, AZ	2
East Lansing, MI	Jefferson, NC	2
East Lansing, MI	Santa Ynez, CA	2
East Lansing, MI	Newark, OH	2
Glenn Dale, MD	Stafford, VA	2
Glenn Dale, MD	Lanham, MD	2
Glenn Dale, MD	Falls Church, VA	2
Stafford, VA	Lanham, MD	2
Stafford, VA	Falls Church, VA	2
Lanham, MD	Falls Church, VA	2
Agoura, CA	New Castle, PA	2
Agoura, CA	Lincolnwood, IL	2
Agoura, CA	New Rochelle, NY	4
Agoura, CA	Holbrook, MA	2
Agoura, CA	Stamford, CT	2
Agoura, CA	Franklin Square, NY	4
Agoura, CA	Glen Ridge, NJ	2
Agoura, CA	Wayne, NJ	2
Agoura, CA	Norristown, PA	2
Agoura, CA	, 1	2
Agoura, CA	Miamisburg, OH	2
Agoura, CA	Concord, CA	2
Agoura, CA	Ottawa, IL	2
Agoura, CA	San Antonio, TX	2
New Castle, PA	Lincolnwood, IL	2
New Castle, PA	New Rochelle, NY	2
New Castle, PA	Holbrook, MA	2
New Castle, PA	Morton Grove, IL	2
New Castle, PA	Longwood, FL	2
Lincolnwood, IL	New Rochelle, NY	2
Lincolnwood, IL	Holbrook, MA	2
New Rochelle, NY	Holbrook, MA	2
Stamford, CT	Franklin Square, NY	2
Stamford, CT	Glen Ridge, NJ	2
Stamford, CT	Wayne, NJ	2
Stamford, CT	El Cajon, CA	2
Franklin Square, NY	Glen Ridge, NJ	2
Franklin Square, NY	Wayne, NJ	2
Franklin Square, NY	Miamisburg, OH	4
Franklin Square, NY	Menomonee Falls, WI	2
Franklin Square, NY	Concord, CA	2
Glen Ridge, NJ	Wayne, NJ	2
Miamisburg, OH	Mineola, NY	2
Miamisburg, OH	Kitchener, ON	2
Miamisburg, OH	Evanston, IL	2
Miamisburg, OH	Menomonee Falls, WI	2
Miamisburg, OH	Concord, CA	2
Miamisburg, OH	El Cajon, CA	2
Mineola, NY	Kitchener, ON	2
Mineola, NY	Evanston, IL	2
Kitchener, ON	Evanston, IL	2
Kitchener, ON	Waterloo, ON	2
Evanston, IL	Guerneville, CA	2
Evanston, IL	Lancaster, PA	2
Evanston, IL	Jackson, MS	2
Evanston, IL	Picton, ON	2
Evanston, IL	Sanborn, NY	2
La Mesa, CA	Grand Rapids, MI	4
La Mesa, CA	Miami, FL	2
St-Laurent. Montreal, QC	Deerfield, IL	2
St-Laurent. Montreal, QC	New Haven, CT	2
St-Laurent. Montreal, QC	Guerneville, CA	2
Garden City, NY	Neshannock, MS	2
Garden City, NY	Jackson, MS	2
Garden City, NY	Scarsdale, NY	2
Columbus, OH	University Park, PA	2
Columbus, OH	Richmond, VA	4
Columbus, OH	Worthington, OH	2
Columbus, OH	Bowling Green, OH	2
Columbus, OH	OH, OH	6
Columbus, OH	Lombard, IL	2
Columbus, OH	Los Gatos, CA	2
Columbus, OH	Petaluma, CA	2
Columbus, OH	Canton, CT	2
Dallas, GA	Norcross, GA	2
Dallas, GA	Calumet City, IL	2
Fredericksburg, VA	San Antonio, TX	6
Fredericksburg, VA	Bellevue, WA	2
San Antonio, TX	Edina, MN	2
San Antonio, TX	Park Ridge, IL	2
San Antonio, TX	Dover, NJ	2
San Antonio, TX	Fayetteville, NC	2
Oldsmar, FL	Acworth, GA	2
Oldsmar, FL	Lebanon, VA	2
Oldsmar, FL	Calumet City, IL	2
Menomonee Falls, WI	River Forest, IL	2
Menomonee Falls, WI	Shorewood, WI	2
Menomonee Falls, WI	Waukesha, WI	2
Lancaster, PA	Lachine, QC	2
Lancaster, PA	Guerneville, CA	2
Colorado Springs, CO	Garden Grove, CA	2
Colorado Springs, CO	San Juan Capistrano, CA	2
Colorado Springs, CO	Oceanside, CA	2
Colorado Springs, CO	Nashville, TN	2
Colorado Springs, CO	Des Moines, IA	2
Colorado Springs, CO	Valley Forge, PA	2
Colorado Springs, CO	Carmel, NY	2
Colorado Springs, CO	Louisville, KY	2
Garden Grove, CA	San Juan Capistrano, CA	2
Garden Grove, CA	Oceanside, CA	2
San Juan Capistrano, CA	Oceanside, CA	2
Lansing, MI	Phoenix, AZ	2
Lansing, MI	Jefferson, NC	2
Lansing, MI	East Orange, NJ	2
Lansing, MI	Belmont, CA	2
Phoenix, AZ	Jefferson, NC	2
Phoenix, AZ	Narragansett, RI	2
Phoenix, AZ	Kingston, RI	2
Jefferson, NC	Secaucus, NJ	2
Jefferson, NC	Encino, CA	2
Jefferson, NC	Rochester, NY	2
Edina, MN	Park Ridge, IL	2
Milford, OH	Cincinnati, OH	2
Cincinnati, OH	Stanhope, NJ	2
Cincinnati, OH	Unadilla, NY	2
Cincinnati, OH	Leonia, NJ	2
Cincinnati, OH	Warwick, RI	2
Cincinnati, OH	Asheville, NC	2
Cincinnati, OH	OH, OH	2
Richmond, VA	Santa Clara, CA	2
Richmond, VA	Emeryville, CA	2
Richmond, VA	Bowling Green, OH	2
Richmond, VA	OH, OH	2
Richmond, VA	Abingdon, MD	2
Richmond, VA	Jackson, MS	2
Richmond, VA	Parkville, MO	2
Richmond, VA	Long Island City, NY	2
Richmond, VA	Wilmington, NC	2
Staten Island, NY	Willow Springs, MO	2
Staten Island, NY	Birch Tree, MO	2
Staten Island, NY	Guerneville, CA	2
Staten Island, NY	Lebanon, NJ	2
West Townshend, VT	Townshend, VT	2
Thomasville, NC	High Point, NC	2
Thomasville, NC	Norcross, GA	2
High Point, NC	Norcross, GA	2
Norcross, GA	Morton Grove, MN	2
Jackson, MS	Scarsdale, NY	2
Jackson, MS	Picton, ON	4
Jackson, MS	Sanborn, NY	2
Jackson, MS	Drexel Hill, PA	2
Jackson, MS	Middlebury, CT	2
Jackson, MS	Prescott, AZ	2
Jackson, MS	Port Washington, WA	2
Jackson, MS	Nashville, TN	2
Hayward, CA	Guerneville, CA	2
Guerneville, CA	El Cajon, CA	2
Guerneville, CA	Willow Springs, MO	2
Guerneville, CA	Birch Tree, MO	2
Guerneville, CA	Wilmington, VT	2
Guerneville, CA	Longwood, FL	2
Guerneville, CA	New Haven, CT	2
Guerneville, CA	Norristown, PA	2
San Bernardino, CA	Canoga Park, CA	2
San Bernardino, CA	South Pasadena, CA	2
Culver City, CA	Santa Monica, CA	4
Chesapeake, VA	Eureka, CA	2
Old Tappan, NJ	Westwood, NJ	4
Old Tappan, NJ	Uhrichsville, OH	2
Old Tappan, NJ	Miami, FL	2
Westwood, NJ	Uhrichsville, OH	4
Westwood, NJ	Miami, FL	2
Uhrichsville, OH	Miami, FL	2
Miami, FL	Grand Rapids, MI	2
Miami, FL	Fort Lauderdale, FL	2
Madison, WI	Swarthmore, PA	2
Madison, WI	Danbury, CT	2
Madison, WI	Miguel Hidalgo, DF	2
Stevens Point, WI	Eagan, MN	2
Scarborough, ON	Fairway, KS	2
North Babylon, NY	Virginia Beach, VA	2
Virginia Beach, VA	Poughkeepsie, NY	2
Virginia Beach, VA	Claremont, CA	2
Stanhope, NJ	Unadilla, NY	4
Stanhope, NJ	Dover, NJ	8
Unadilla, NY	Dover, NJ	2
Silver Spring, MD	Los Alamos, NM	2
Acworth, GA	Lebanon, VA	2
Acworth, GA	Calumet City, IL	2
Lebanon, VA	Calumet City, IL	2
Calumet City, IL	Mankato, MN	2
Mamaroneck, NY	Niles, IL	2
Mamaroneck, NY	Fort Worth, TX	2
Mamaroneck, NY	Sharon, CT	2
NY, NY	Novato, CA	2
Levittown, PA	Langhorne, PA	2
Levittown, PA	Denver, CO	2
Levittown, PA	Lakewood, CO	2
Levittown, PA	Lawrenceville, NJ	2
Langhorne, PA	Denver, CO	2
Langhorne, PA	Lakewood, CO	2
Langhorne, PA	Lawrenceville, NJ	2
Denver, CO	Lakewood, CO	2
Denver, CO	Lawrenceville, NJ	2
Lakewood, CO	Lawrenceville, NJ	2
Lakewood, CO	Irving, TX	2
Lakewood, CO	Olympia, WA	2
Lakewood, CO	Pullman, WA	2
Lakewood, CO	Tucson, AZ	2
Lakewood, CO	Butler, PA	2
Lakewood, CO	Tuscon, AZ	2
Lakewood, CO	McCleary, WA	2
Lakewood, CO	Ottawa, ON	2
Dover, NJ	Fort Lee, NJ	2
Dover, NJ	Andover, NJ	2
Dover, NJ	Oak Creek, WI	2
Dover, NJ	North Cambridge, MA	2
Dover, NJ	N Cambridge, MA	2
Lake Geneva, WI	Niles, IL	2
Niles, IL	Fort Worth, TX	2
Mountain Home, TN	Wilmington, DE	2
El Cajon, CA	River Forest, IL	2
El Cajon, CA	Somerville, NJ	2
El Cajon, CA	Forest Hills, NY	2
El Cajon, CA	Prescott, AZ	4
El Cajon, CA	South Holland, IL	2
El Cajon, CA	Wytheville, VA	2
Harrisburg, PA	Bend, OR	2
Allston, MA	Fort Lee, NJ	2
Fort Lee, NJ	Kearny, NJ	2
Mission, KS	Prescott, AZ	2
Tucson, AZ	Irving, TX	2
Tucson, AZ	Olympia, WA	2
Tucson, AZ	Pullman, WA	2
Tucson, AZ	Butler, PA	2
Tucson, AZ	Tuscon, AZ	2
Tucson, AZ	McCleary, WA	2
Irving, TX	Olympia, WA	2
Irving, TX	Pullman, WA	2
Irving, TX	Butler, PA	2
Irving, TX	Tuscon, AZ	2
Irving, TX	McCleary, WA	2
Irving, TX	Dallas, TX	2
Irving, TX	Alahambra, CA	2
Irving, TX	College Station, TX	2
Irving, TX	Blairstown, NJ	2
Olympia, WA	Pullman, WA	2
Olympia, WA	Butler, PA	2
Olympia, WA	Tuscon, AZ	2
Olympia, WA	McCleary, WA	2
Pullman, WA	Butler, PA	2
Pullman, WA	Tuscon, AZ	2
Pullman, WA	McCleary, WA	2
Butler, PA	Tuscon, AZ	2
Butler, PA	McCleary, WA	2
Tuscon, AZ	McCleary, WA	2
Warren, MI	Gainesville, TX	2
Willow Springs, MO	Birch Tree, MO	2
Fullerton, NE	Kearney, NE	2
Santa Clara, CA	Emeryville, CA	2
Pittsburgh, PA	Albert Lea, MN	2
Pittsburgh, PA	Bethel, CT	4
Norristown, PA	Northbrook, IL	2
Norristown, PA	Scotch Plains, NJ	2
Picton, ON	Sanborn, NY	2
Saddle Brook, NJ	Monterey Park, CA	2
Westland, MI	Hickory, NC	2
Westland, MI	Ypsilanti, MI	2
Berlin, NJ	Wayne County, MI	2
New Orleans, LA	Tampa, FL	2
Jackson Heights, NY	North Adams, MA	2
Carson, CA	Gardena, CA	4
Carson, CA	Torrance, CA	2
Nashville, TN	Des Moines, IA	2
Nashville, TN	Valley Forge, PA	2
Nashville, TN	Carmel, NY	2
Des Moines, IA	Valley Forge, PA	2
Des Moines, IA	Carmel, NY	2
Valley Forge, PA	Carmel, NY	2
Somerville, MA	Lynden, ON	2
Somerville, MA	Soldier, IA	2
Somerville, MA	Hopewell, VA	2
Somerville, MA	Ames, IA	2
Leonia, NJ	Warwick, RI	2
Fremont, CA	Richmond, CA	2
Ithaca, NY	St Paul, MN	2
, 1	North Mankato, MN	2
, 1	Mankato, MN	2
Liverpool, WV	Reedy, WV	2
Dallas, TX	Park Ridge, IL	2
Dallas, TX	Plano, TX	2
Sillery, QC	St-Augustin, QC	2
North Mankato, MN	Mankato, MN	2
Cross River, NY	Brookfield, CT	2
Brookfield, CT	Rego Park, NY	2
Wheaton, IL	Garland, TX	2
Mérida, YU	Waco, TX	2
Mérida, YU	Louisville, KY	2
Waco, TX	Louisville, KY	2
Louisville, KY	Prescott, AZ	2
Sylmar, CA	Allen Park, MI	2
Bowling Green, OH	OH, OH	2
Southeastern, PA	Farmingdale, NY	2
Bremerton, WA	Clallam Bay, WA	2
Ottawa, ON	Murray Hill Station, NY	2
Ottawa, ON	Poughkeepsie, NY	2
Ottawa, ON	Ontario, ON	2
Poughkeepsie, NY	Claremont, CA	2
Poughkeepsie, NY	Murray Hill Station, NY	2
Poughkeepsie, NY	Ontario, ON	2
San Juan, PR	Puerto Rico, co	2
Murray Hill Station, NY	Ontario, ON	2
Romona, CA	Clackamas, OR	2
River Forest, IL	Oak Park, IL	2
River Forest, IL	Greenfield, WI	4
Pasadena, CA	Las Lunas, CA	2
Washington Square, NY	Owings Mills, MD	2
Massapequa, NY	Melville, NY	4
Massapequa, NY	Vancouver, WA	2
Melville, NY	Vancouver, WA	2
Melville, NY	Northport, NY	6
Lombard, IL	Los Gatos, CA	2
Whitefish, MT	Kalispell, MT	2
Whitefish, MT	Billings, MT	2
Eugene, OR	Hudson, MA	2
Eugene, OR	Hadley, MA	2
Eugene, OR	Lakeside, OR	2
Cleveland Heights, OH	Youngstown, OH	2
Petaluma, CA	St Chico, CA	2
Los Alamos, CA	Los Alamitos, CA	2
Eagle River, AK	Anchorage, AK	2
Eagle River, AK	Wasilla, AK	2
Anchorage, AK	Wasilla, AK	2
Wasilla, AK	Beverly, MA	2
Wasilla, AK	Ridgewood, NY	2
Belmont, CA	San Mateo, CA	2
Belmont, CA	Charlottesville, VA	2
Belmont, CA	East Orange, NJ	2
San Mateo, CA	Charlottesville, VA	2
Norman, OK	Hanover, NH	2
Rochester, NY	Durham, NC	2
Rochester, NY	New Brunswick, NJ	2
Durham, NC	New Brunswick, NJ	2
College Station, TX	Blairstown, NJ	2
Whittier, CA	FL, FL	2
Rego Park, NY	Chalfont, PA	2
Reddick, IL	Carbondale, IL	2
Davis, CA	Sacramento, CA	2
Sacramento, CA	East Rockaway, NY	2
Sacramento, CA	Millersville, MD	2
Beverly, MA	Ridgewood, NY	2
Guelph, ON	Maple Ridge, BC	2
Chicoutimi, QC	Levis, QC	2
Tappen, BC	Cassidy, BC	2
Narragansett, RI	Kingston, RI	2
Narragansett, RI	West Warwick, RI	2
Soldier, IA	Hopewell, VA	2
Soldier, IA	Ames, IA	2
Hopewell, VA	Ames, IA	2
Greenwich, NS	Wolfville, NS	2
North Olmsted, OH	N Olmsted, OH	2
Coquitlam, BC	Kearny, NJ	2
Elk Rapids, MI	Manistee, MI	2
Waltham, MA	Lincoln, MA	2
Forest Park, GA	Roy, UT	2
Bloomington, IN	Long Island City, NY	2
Flint, MI	Swartz Creek, MI	2
Flint, MI	Valley Stream, NY	2
Boulder, CO	Louisville, CO	2
Boulder, CO	San Anselmo, CA	2
Louisville, CO	San Anselmo, CA	2
Shorewood, WI	Waukesha, WI	2
Kalispell, MT	Billings, MT	2
Grand Junction, CO	Grass Valley, CA	2
Blue Ridge Summit, PA	Fallbrook, CA	2
Crawfordsville, AR	Memphis, TN	2
Placitas, NM	Columbia, SC	2
Greenville, NY	Kerhonkson, NY	2
North Cambridge, MA	N Cambridge, MA	2
Mesa, AZ	Taylor, AZ	2
West Palm Beach, FL	Delray Beach, FL	2
South Windsor, CT	Windsor, CT	2
